SECS,FLUOR,NORM_FLUOR,SOURCE
6.08E-06,621,0.000502694,INDUCTION-4188-20201116-10_53_39
1.01E-05,620,0,INDUCTION-4188-20201116-10_53_39
1.42E-05,649,0.014578139,INDUCTION-4188-20201116-10_53_39
1.80E-05,629,0.00452425,INDUCTION-4188-20201116-10_53_39
2.21E-05,674,0.0271455,INDUCTION-4188-20201116-10_53_39
2.61E-05,736,0.058312555,INDUCTION-4188-20201116-10_53_39
3.02E-05,687,0.033680528,INDUCTION-4188-20201116-10_53_39
3.42E-05,641,0.010556583,INDUCTION-4188-20201116-10_53_39
3.80E-05,724,0.052280222,INDUCTION-4188-20201116-10_53_39
4.21E-05,754,0.067361055,INDUCTION-4188-20201116-10_53_39
4.61E-05,728,0.054291,INDUCTION-4188-20201116-10_53_39
5.02E-05,782,0.0814365,INDUCTION-4188-20201116-10_53_39
5.40E-05,784,0.082441889,INDUCTION-4188-20201116-10_53_39
5.81E-05,826,0.103555055,INDUCTION-4188-20201116-10_53_39
6.21E-05,830,0.105565833,INDUCTION-4188-20201116-10_53_39
6.62E-05,952,0.166894555,INDUCTION-4188-20201116-10_53_39
7.02E-05,870,0.125673611,INDUCTION-4188-20201116-10_53_39
7.40E-05,885,0.133214027,INDUCTION-4188-20201116-10_53_39
7.81E-05,886,0.133716722,INDUCTION-4188-20201116-10_53_39
8.21E-05,948,0.164883777,INDUCTION-4188-20201116-10_53_39
8.62E-05,956,0.168905333,INDUCTION-4188-20201116-10_53_39
9.00E-05,1002,0.192029277,INDUCTION-4188-20201116-10_53_39
9.41E-05,987,0.18448886,INDUCTION-4188-20201116-10_53_39
9.81E-05,1094,0.238277166,INDUCTION-4188-20201116-10_53_39
0.000102162,1093,0.237774471,INDUCTION-4188-20201116-10_53_39
0.000106215,1062,0.222190943,INDUCTION-4188-20201116-10_53_39
0.00011003,1033,0.207612805,INDUCTION-4188-20201116-10_53_39
0.000114083,1136,0.259390332,INDUCTION-4188-20201116-10_53_39
0.000118136,1171,0.276984638,INDUCTION-4188-20201116-10_53_39
0.000122189,1133,0.257882249,INDUCTION-4188-20201116-10_53_39
0.000126004,1232,0.307648999,INDUCTION-4188-20201116-10_53_39
0.000130057,1234,0.308654388,INDUCTION-4188-20201116-10_53_39
0.00013411,1292,0.337810665,INDUCTION-4188-20201116-10_53_39
0.000138163,1236,0.309659776,INDUCTION-4188-20201116-10_53_39
0.000142216,1261,0.322227137,INDUCTION-4188-20201116-10_53_39
0.000146031,1264,0.323735221,INDUCTION-4188-20201116-10_53_39
0.000150084,1322,0.352891498,INDUCTION-4188-20201116-10_53_39
0.000154137,1191,0.287038527,INDUCTION-4188-20201116-10_53_39
0.00015819,1253,0.318205582,INDUCTION-4188-20201116-10_53_39
0.000162005,1299,0.341329526,INDUCTION-4188-20201116-10_53_39
0.000166058,1220,0.301616665,INDUCTION-4188-20201116-10_53_39
0.000170111,1305,0.344345693,INDUCTION-4188-20201116-10_53_39
0.000174164,1370,0.377020832,INDUCTION-4188-20201116-10_53_39
0.000178217,1417,0.40064747,INDUCTION-4188-20201116-10_53_39
0.000182032,1335,0.359426526,INDUCTION-4188-20201116-10_53_39
0.000186085,1398,0.391096276,INDUCTION-4188-20201116-10_53_39
0.000190138,1400,0.392101665,INDUCTION-4188-20201116-10_53_39
0.000194192,1456,0.420252554,INDUCTION-4188-20201116-10_53_39
0.000198006,1440,0.412209443,INDUCTION-4188-20201116-10_53_39
0.000202059,1423,0.403663637,INDUCTION-4188-20201116-10_53_39
0.000206112,1414,0.399139387,INDUCTION-4188-20201116-10_53_39
0.000210166,1453,0.41874447,INDUCTION-4188-20201116-10_53_39
0.000214219,1460,0.422263331,INDUCTION-4188-20201116-10_53_39
0.000218033,1487,0.435836081,INDUCTION-4188-20201116-10_53_39
0.000222087,1549,0.467003137,INDUCTION-4188-20201116-10_53_39
0.00022614,1458,0.421257943,INDUCTION-4188-20201116-10_53_39
0.000230193,1534,0.45946272,INDUCTION-4188-20201116-10_53_39
0.000234007,1514,0.449408831,INDUCTION-4188-20201116-10_53_39
0.000238061,1583,0.484094748,INDUCTION-4188-20201116-10_53_39
0.000242114,1518,0.451419609,INDUCTION-4188-20201116-10_53_39
0.000246167,1578,0.481581276,INDUCTION-4188-20201116-10_53_39
0.00025022,1516,0.45041422,INDUCTION-4188-20201116-10_53_39
0.000254035,1518,0.451419609,INDUCTION-4188-20201116-10_53_39
0.000258088,1590,0.487613609,INDUCTION-4188-20201116-10_53_39
0.000262141,1514,0.449408831,INDUCTION-4188-20201116-10_53_39
0.000266194,1591,0.488116303,INDUCTION-4188-20201116-10_53_39
0.000270009,1570,0.47755972,INDUCTION-4188-20201116-10_53_39
0.000274062,1603,0.494148637,INDUCTION-4188-20201116-10_53_39
0.000278115,1529,0.456949248,INDUCTION-4188-20201116-10_53_39
0.000282168,1604,0.494651331,INDUCTION-4188-20201116-10_53_39
0.000286221,1627,0.506213303,INDUCTION-4188-20201116-10_53_39
0.000290036,1545,0.464992359,INDUCTION-4188-20201116-10_53_39
0.000294089,1608,0.496662109,INDUCTION-4188-20201116-10_53_39
0.000298142,1632,0.508726776,INDUCTION-4188-20201116-10_53_39
0.000302195,1601,0.493143248,INDUCTION-4188-20201116-10_53_39
0.00030601,1580,0.482586665,INDUCTION-4188-20201116-10_53_39
0.000310063,1565,0.475046248,INDUCTION-4188-20201116-10_53_39
0.000314116,1562,0.473538165,INDUCTION-4188-20201116-10_53_39
0.000318169,1633,0.50922947,INDUCTION-4188-20201116-10_53_39
0.000322222,1615,0.50018097,INDUCTION-4188-20201116-10_53_39
0.000326037,1638,0.511742942,INDUCTION-4188-20201116-10_53_39
0.00033009,1610,0.497667498,INDUCTION-4188-20201116-10_53_39
0.000334143,1670,0.527829164,INDUCTION-4188-20201116-10_53_39
0.000338196,1668,0.526823775,INDUCTION-4188-20201116-10_53_39
0.000342011,1638,0.511742942,INDUCTION-4188-20201116-10_53_39
0.000346064,1612,0.498672887,INDUCTION-4188-20201116-10_53_39
0.000350117,1558,0.471527387,INDUCTION-4188-20201116-10_53_39
0.00035417,1648,0.516769887,INDUCTION-4188-20201116-10_53_39
0.000358224,1640,0.512748331,INDUCTION-4188-20201116-10_53_39
0.000362038,1627,0.506213303,INDUCTION-4188-20201116-10_53_39
0.000366091,1721,0.553466581,INDUCTION-4188-20201116-10_53_39
0.000370144,1604,0.494651331,INDUCTION-4188-20201116-10_53_39
0.000374198,1610,0.497667498,INDUCTION-4188-20201116-10_53_39
0.000378012,1712,0.548942331,INDUCTION-4188-20201116-10_53_39
0.000382065,1701,0.543412692,INDUCTION-4188-20201116-10_53_39
0.000386118,1650,0.517775275,INDUCTION-4188-20201116-10_53_39
0.000390172,1676,0.530845331,INDUCTION-4188-20201116-10_53_39
0.000394225,1612,0.498672887,INDUCTION-4188-20201116-10_53_39
0.000398039,1655,0.520288748,INDUCTION-4188-20201116-10_53_39
0.000402093,1626,0.505710609,INDUCTION-4188-20201116-10_53_39
0.000406146,1620,0.502694442,INDUCTION-4188-20201116-10_53_39
0.000410199,1650,0.517775275,INDUCTION-4188-20201116-10_53_39
0.000414013,1702,0.543915386,INDUCTION-4188-20201116-10_53_39
0.000418067,1694,0.539893831,INDUCTION-4188-20201116-10_53_39
0.00042212,1653,0.519283359,INDUCTION-4188-20201116-10_53_39
0.000426173,1703,0.544418081,INDUCTION-4188-20201116-10_53_39
0.000430226,1692,0.538888442,INDUCTION-4188-20201116-10_53_39
0.000434041,1723,0.55447197,INDUCTION-4188-20201116-10_53_39
0.000438094,1649,0.517272581,INDUCTION-4188-20201116-10_53_39
0.000442147,1656,0.520791442,INDUCTION-4188-20201116-10_53_39
0.0004462,1685,0.535369581,INDUCTION-4188-20201116-10_53_39
0.000450015,1663,0.524310303,INDUCTION-4188-20201116-10_53_39
0.000454068,1639,0.512245637,INDUCTION-4188-20201116-10_53_39
0.000458121,1624,0.50470522,INDUCTION-4188-20201116-10_53_39
0.000462174,1656,0.520791442,INDUCTION-4188-20201116-10_53_39
0.000466227,1770,0.578098609,INDUCTION-4188-20201116-10_53_39
0.000470042,1684,0.534866887,INDUCTION-4188-20201116-10_53_39
0.000474095,1650,0.517775275,INDUCTION-4188-20201116-10_53_39
0.000478148,1676,0.530845331,INDUCTION-4188-20201116-10_53_39
0.000482201,1774,0.580109386,INDUCTION-4188-20201116-10_53_39
0.000486016,1734,0.560001609,INDUCTION-4188-20201116-10_53_39
0.000490069,1662,0.523807609,INDUCTION-4188-20201116-10_53_39
0.000494122,1638,0.511742942,INDUCTION-4188-20201116-10_53_39
0.000498175,1678,0.53185072,INDUCTION-4188-20201116-10_53_39
0.000502228,1720,0.552963886,INDUCTION-4188-20201116-10_53_39
0.000506043,1758,0.572066275,INDUCTION-4188-20201116-10_53_39
0.000510096,1711,0.548439636,INDUCTION-4188-20201116-10_53_39
0.000514149,1770,0.578098609,INDUCTION-4188-20201116-10_53_39
0.000518202,1772,0.579103997,INDUCTION-4188-20201116-10_53_39
0.000522017,1784,0.585136331,INDUCTION-4188-20201116-10_53_39
0.00052607,1757,0.571563581,INDUCTION-4188-20201116-10_53_39
0.000530123,1786,0.58614172,INDUCTION-4188-20201116-10_53_39
0.000534176,1704,0.544920775,INDUCTION-4188-20201116-10_53_39
0.000537991,1720,0.552963886,INDUCTION-4188-20201116-10_53_39
0.000542044,1696,0.54089922,INDUCTION-4188-20201116-10_53_39
0.000546097,1671,0.528331859,INDUCTION-4188-20201116-10_53_39
0.00055015,1716,0.550953109,INDUCTION-4188-20201116-10_53_39
0.000554204,1727,0.556482748,INDUCTION-4188-20201116-10_53_39
0.000558018,1753,0.569552803,INDUCTION-4188-20201116-10_53_39
0.000562071,1724,0.554974664,INDUCTION-4188-20201116-10_53_39
0.000566125,1694,0.539893831,INDUCTION-4188-20201116-10_53_39
0.000570178,1617,0.501186359,INDUCTION-4188-20201116-10_53_39
0.000573992,1670,0.527829164,INDUCTION-4188-20201116-10_53_39
0.000578045,1749,0.567542025,INDUCTION-4188-20201116-10_53_39
0.000582099,1733,0.559498914,INDUCTION-4188-20201116-10_53_39
0.000586152,1712,0.548942331,INDUCTION-4188-20201116-10_53_39
0.000590205,1743,0.564525859,INDUCTION-4188-20201116-10_53_39
0.000594019,1777,0.58161747,INDUCTION-4188-20201116-10_53_39
0.000598073,1778,0.582120164,INDUCTION-4188-20201116-10_53_39
0.000602126,1735,0.560504303,INDUCTION-4188-20201116-10_53_39
0.000606179,1843,0.614795303,INDUCTION-4188-20201116-10_53_39
0.000609994,1758,0.572066275,INDUCTION-4188-20201116-10_53_39
0.000614047,1807,0.596698303,INDUCTION-4188-20201116-10_53_39
0.0006181,1808,0.597200997,INDUCTION-4188-20201116-10_53_39
0.000622153,1618,0.501689053,INDUCTION-4188-20201116-10_53_39
0.000626206,1712,0.548942331,INDUCTION-4188-20201116-10_53_39
0.000630021,1724,0.554974664,INDUCTION-4188-20201116-10_53_39
0.000634074,1827,0.606752192,INDUCTION-4188-20201116-10_53_39
0.000638127,1784,0.585136331,INDUCTION-4188-20201116-10_53_39
0.00064218,1690,0.537883053,INDUCTION-4188-20201116-10_53_39
0.000645995,1668,0.526823775,INDUCTION-4188-20201116-10_53_39
0.000650048,1745,0.565531247,INDUCTION-4188-20201116-10_53_39
0.000654101,1773,0.579606692,INDUCTION-4188-20201116-10_53_39
0.000658154,1816,0.601222553,INDUCTION-4188-20201116-10_53_39
0.000662207,1692,0.538888442,INDUCTION-4188-20201116-10_53_39
0.000666022,1773,0.579606692,INDUCTION-4188-20201116-10_53_39
0.000670075,1764,0.575082442,INDUCTION-4188-20201116-10_53_39
0.000674128,1732,0.55899622,INDUCTION-4188-20201116-10_53_39
0.000678181,1776,0.581114775,INDUCTION-4188-20201116-10_53_39
0.000681996,1734,0.560001609,INDUCTION-4188-20201116-10_53_39
0.000686049,1715,0.550450414,INDUCTION-4188-20201116-10_53_39
0.000690102,1738,0.562012386,INDUCTION-4188-20201116-10_53_39
0.000694155,1764,0.575082442,INDUCTION-4188-20201116-10_53_39
0.000698208,1779,0.582622859,INDUCTION-4188-20201116-10_53_39
0.000702023,1699,0.542407303,INDUCTION-4188-20201116-10_53_39
0.000706076,1733,0.559498914,INDUCTION-4188-20201116-10_53_39
0.000710129,1853,0.619822247,INDUCTION-4188-20201116-10_53_39
0.000714182,1809,0.597703692,INDUCTION-4188-20201116-10_53_39
0.000717997,1721,0.553466581,INDUCTION-4188-20201116-10_53_39
0.00072205,1728,0.556985442,INDUCTION-4188-20201116-10_53_39
0.000726103,1830,0.608260275,INDUCTION-4188-20201116-10_53_39
0.000730157,1762,0.574077053,INDUCTION-4188-20201116-10_53_39
0.00073421,1682,0.533861498,INDUCTION-4188-20201116-10_53_39
0.000738024,1718,0.551958498,INDUCTION-4188-20201116-10_53_39
0.000742077,1681,0.533358803,INDUCTION-4188-20201116-10_53_39
0.000746131,1709,0.547434248,INDUCTION-4188-20201116-10_53_39
0.000750184,1694,0.539893831,INDUCTION-4188-20201116-10_53_39
0.000753998,1678,0.53185072,INDUCTION-4188-20201116-10_53_39
0.000758051,1756,0.571060886,INDUCTION-4188-20201116-10_53_39
0.000762105,1743,0.564525859,INDUCTION-4188-20201116-10_53_39
0.000766158,1705,0.54542347,INDUCTION-4188-20201116-10_53_39
0.000770211,1680,0.532856109,INDUCTION-4188-20201116-10_53_39
0.000774026,1750,0.56804472,INDUCTION-4188-20201116-10_53_39
0.000778079,1762,0.574077053,INDUCTION-4188-20201116-10_53_39
0.000782132,1695,0.540396525,INDUCTION-4188-20201116-10_53_39
0.000786185,1748,0.567039331,INDUCTION-4188-20201116-10_53_39
0.00079,1771,0.578601303,INDUCTION-4188-20201116-10_53_39
0.000794053,1840,0.613287219,INDUCTION-4188-20201116-10_53_39
0.000798106,1789,0.587649803,INDUCTION-4188-20201116-10_53_39
0.000802159,1775,0.580612081,INDUCTION-4188-20201116-10_53_39
0.000806212,1715,0.550450414,INDUCTION-4188-20201116-10_53_39
0.000810027,1825,0.605746803,INDUCTION-4188-20201116-10_53_39
0.00081408,1757,0.571563581,INDUCTION-4188-20201116-10_53_39
0.000818133,1784,0.585136331,INDUCTION-4188-20201116-10_53_39
0.000822186,1864,0.625351886,INDUCTION-4188-20201116-10_53_39
0.000826001,1802,0.594184831,INDUCTION-4188-20201116-10_53_39
0.000830054,1696,0.54089922,INDUCTION-4188-20201116-10_53_39
0.000834107,1819,0.602730636,INDUCTION-4188-20201116-10_53_39
0.00083816,1734,0.560001609,INDUCTION-4188-20201116-10_53_39
0.000842213,1696,0.54089922,INDUCTION-4188-20201116-10_53_39
0.000846028,1776,0.581114775,INDUCTION-4188-20201116-10_53_39
0.000850081,1748,0.567039331,INDUCTION-4188-20201116-10_53_39
0.000854134,1731,0.558493525,INDUCTION-4188-20201116-10_53_39
0.000858187,1788,0.587147109,INDUCTION-4188-20201116-10_53_39
0.000862002,1772,0.579103997,INDUCTION-4188-20201116-10_53_39
0.000866055,1718,0.551958498,INDUCTION-4188-20201116-10_53_39
0.000870108,1797,0.591671358,INDUCTION-4188-20201116-10_53_39
0.000874161,1727,0.556482748,INDUCTION-4188-20201116-10_53_39
0.000878214,1708,0.546931553,INDUCTION-4188-20201116-10_53_39
0.000882029,1751,0.568547414,INDUCTION-4188-20201116-10_53_39
0.000886082,1680,0.532856109,INDUCTION-4188-20201116-10_53_39
0.000890135,1759,0.57256897,INDUCTION-4188-20201116-10_53_39
0.000894188,1807,0.596698303,INDUCTION-4188-20201116-10_53_39
0.000898003,1767,0.576590525,INDUCTION-4188-20201116-10_53_39
0.000902056,1700,0.542909998,INDUCTION-4188-20201116-10_53_39
0.000906109,1808,0.597200997,INDUCTION-4188-20201116-10_53_39
0.000910163,1829,0.607757581,INDUCTION-4188-20201116-10_53_39
0.000914216,1734,0.560001609,INDUCTION-4188-20201116-10_53_39
0.00091803,1743,0.564525859,INDUCTION-4188-20201116-10_53_39
0.000922083,1688,0.536877664,INDUCTION-4188-20201116-10_53_39
0.000926137,1675,0.530342637,INDUCTION-4188-20201116-10_53_39
0.00093019,1713,0.549445025,INDUCTION-4188-20201116-10_53_39
0.000934004,1745,0.565531247,INDUCTION-4188-20201116-10_53_39
0.000938058,1734,0.560001609,INDUCTION-4188-20201116-10_53_39
0.000942111,1750,0.56804472,INDUCTION-4188-20201116-10_53_39
0.000946164,1781,0.583628247,INDUCTION-4188-20201116-10_53_39
0.000950217,1752,0.569050109,INDUCTION-4188-20201116-10_53_39
0.000954032,1715,0.550450414,INDUCTION-4188-20201116-10_53_39
0.000958085,1757,0.571563581,INDUCTION-4188-20201116-10_53_39
0.000962138,1757,0.571563581,INDUCTION-4188-20201116-10_53_39
0.000966191,1783,0.584633636,INDUCTION-4188-20201116-10_53_39
0.000970006,1720,0.552963886,INDUCTION-4188-20201116-10_53_39
0.000974059,1778,0.582120164,INDUCTION-4188-20201116-10_53_39
0.000978112,1773,0.579606692,INDUCTION-4188-20201116-10_53_39
0.000982169,1696,0.54089922,INDUCTION-4188-20201116-10_53_39
0.000986219,1760,0.573071664,INDUCTION-4188-20201116-10_53_39
0.000990029,1658,0.521796831,INDUCTION-4188-20201116-10_53_39
0.000994089,1696,0.54089922,INDUCTION-4188-20201116-10_53_39
0.000998139,1777,0.58161747,INDUCTION-4188-20201116-10_53_39
0.001038189,1755.1,0.570608461,INDUCTION-4188-20201116-10_53_39
0.001078009,1746.3,0.56618475,INDUCTION-4188-20201116-10_53_39
0.001118059,1774,0.580109386,INDUCTION-4188-20201116-10_53_39
0.001158119,1752.1,0.569100378,INDUCTION-4188-20201116-10_53_39
0.001198169,1765.7,0.575937022,INDUCTION-4188-20201116-10_53_39
0.001238229,1731.7,0.558845411,INDUCTION-4188-20201116-10_53_39
0.001278039,1697.8,0.54180407,INDUCTION-4188-20201116-10_53_39
0.001318099,1734.3,0.560152417,INDUCTION-4188-20201116-10_53_39
0.001358149,1751.2,0.568647953,INDUCTION-4188-20201116-10_53_39
0.001398209,1727.4,0.556683825,INDUCTION-4188-20201116-10_53_39
0.001438019,1735.8,0.560906459,INDUCTION-4188-20201116-10_53_39
0.001478079,1711,0.548439636,INDUCTION-4188-20201116-10_53_39
0.001518129,1723.2,0.554572509,INDUCTION-4188-20201116-10_53_39
0.001558189,1722.3,0.554120084,INDUCTION-4188-20201116-10_53_39
0.001597999,1718.5,0.552209845,INDUCTION-4188-20201116-10_53_39
0.001638059,1736.6,0.561308614,INDUCTION-4188-20201116-10_53_39
0.001678109,1725.6,0.555778975,INDUCTION-4188-20201116-10_53_39
0.001718159,1723.8,0.554874125,INDUCTION-4188-20201116-10_53_39
0.001758219,1706.8,0.54632832,INDUCTION-4188-20201116-10_53_39
0.001798029,1693,0.539391136,INDUCTION-4188-20201116-10_53_39
0.001838089,1690.8,0.538285209,INDUCTION-4188-20201116-10_53_39
0.001878139,1722.9,0.5544217,INDUCTION-4188-20201116-10_53_39
0.001918199,1693.5,0.539642484,INDUCTION-4188-20201116-10_53_39
0.001958009,1719.4,0.55266227,INDUCTION-4188-20201116-10_53_39
0.001998069,1710.9,0.548389367,INDUCTION-4188-20201116-10_53_39
0.002038119,1712.5,0.549193678,INDUCTION-4188-20201116-10_53_39
0.002078179,1714.2,0.550048259,INDUCTION-4188-20201116-10_53_39
0.002117989,1722.8,0.554371431,INDUCTION-4188-20201116-10_53_39
0.002158049,1711.4,0.548640714,INDUCTION-4188-20201116-10_53_39
0.002198099,1706.8,0.54632832,INDUCTION-4188-20201116-10_53_39
0.002238159,1681.9,0.533811228,INDUCTION-4188-20201116-10_53_39
0.002278209,1713.8,0.549847181,INDUCTION-4188-20201116-10_53_39
0.002318029,1718.4,0.552159575,INDUCTION-4188-20201116-10_53_39
0.002358079,1709,0.547434248,INDUCTION-4188-20201116-10_53_39
0.002398129,1726.6,0.55628167,INDUCTION-4188-20201116-10_53_39
0.002438189,1712.9,0.549394756,INDUCTION-4188-20201116-10_53_39
0.002477999,1735.3,0.560655111,INDUCTION-4188-20201116-10_53_39
0.002518059,1722.8,0.554371431,INDUCTION-4188-20201116-10_53_39
0.002558109,1707.9,0.546881284,INDUCTION-4188-20201116-10_53_39
0.002598169,1735.4,0.560705381,INDUCTION-4188-20201116-10_53_39
0.002638219,1710.4,0.54813802,INDUCTION-4188-20201116-10_53_39
0.002678039,1725.7,0.555829245,INDUCTION-4188-20201116-10_53_39
0.002718089,1731.1,0.558543795,INDUCTION-4188-20201116-10_53_39
0.002758149,1732.1,0.559046489,INDUCTION-4188-20201116-10_53_39
0.002798199,1724.9,0.555427089,INDUCTION-4188-20201116-10_53_39
0.002838019,1712.4,0.549143409,INDUCTION-4188-20201116-10_53_39
0.002878069,1721.4,0.553667659,INDUCTION-4188-20201116-10_53_39
0.002918119,1735.3,0.560655111,INDUCTION-4188-20201116-10_53_39
0.002958179,1759.7,0.572920856,INDUCTION-4188-20201116-10_53_39
0.002997999,1774.7,0.580461272,INDUCTION-4188-20201116-10_53_39
0.003038049,1707.4,0.546629936,INDUCTION-4188-20201116-10_53_39
0.003078099,1744.7,0.565380439,INDUCTION-4188-20201116-10_53_39
0.003118159,1760.7,0.57342355,INDUCTION-4188-20201116-10_53_39
0.003158209,1732.2,0.559096759,INDUCTION-4188-20201116-10_53_39
0.003198029,1776.8,0.581516931,INDUCTION-4188-20201116-10_53_39
0.003238079,1761.8,0.573976514,INDUCTION-4188-20201116-10_53_39
0.003278139,1772.5,0.579355345,INDUCTION-4188-20201116-10_53_39
0.003318189,1740.2,0.563118314,INDUCTION-4188-20201116-10_53_39
0.003358009,1775.4,0.580813159,INDUCTION-4188-20201116-10_53_39
0.003398059,1773.1,0.579656961,INDUCTION-4188-20201116-10_53_39
0.003438119,1773.3,0.5797575,INDUCTION-4188-20201116-10_53_39
0.003478169,1776.4,0.581315853,INDUCTION-4188-20201116-10_53_39
0.003518219,1780.4,0.583326631,INDUCTION-4188-20201116-10_53_39
0.003558039,1769.4,0.577796992,INDUCTION-4188-20201116-10_53_39
0.003598089,1782,0.584130942,INDUCTION-4188-20201116-10_53_39
0.003638149,1789.1,0.587700072,INDUCTION-4188-20201116-10_53_39
0.003678199,1764.4,0.57528352,INDUCTION-4188-20201116-10_53_39
0.003718019,1809.3,0.5978545,INDUCTION-4188-20201116-10_53_39
0.003758069,1755.4,0.57075927,INDUCTION-4188-20201116-10_53_39
0.003798129,1784,0.585136331,INDUCTION-4188-20201116-10_53_39
0.003838179,1799.8,0.593078903,INDUCTION-4188-20201116-10_53_39
0.003877999,1815.8,0.601122014,INDUCTION-4188-20201116-10_53_39
0.003918049,1786,0.58614172,INDUCTION-4188-20201116-10_53_39
0.003958109,1778.3,0.582270972,INDUCTION-4188-20201116-10_53_39
0.003998159,1796.5,0.591420011,INDUCTION-4188-20201116-10_53_39
0.004038219,1814.8,0.60061932,INDUCTION-4188-20201116-10_53_39
0.004078029,1785.9,0.58609145,INDUCTION-4188-20201116-10_53_39
0.004118089,1799.5,0.592928095,INDUCTION-4188-20201116-10_53_39
0.004158139,1840.5,0.613538567,INDUCTION-4188-20201116-10_53_39
0.004198189,1784.1,0.5851866,INDUCTION-4188-20201116-10_53_39
0.004238009,1821.1,0.603786295,INDUCTION-4188-20201116-10_53_39
0.004278059,1865.7,0.626206467,INDUCTION-4188-20201116-10_53_39
0.004318119,1850.6,0.618615781,INDUCTION-4188-20201116-10_53_39
0.004358169,1831.5,0.609014317,INDUCTION-4188-20201116-10_53_39
0.004398229,1847.2,0.616906619,INDUCTION-4188-20201116-10_53_39
0.004438039,1842.2,0.614393147,INDUCTION-4188-20201116-10_53_39
0.004478099,1826.1,0.606299767,INDUCTION-4188-20201116-10_53_39
0.004518149,1849.5,0.618062817,INDUCTION-4188-20201116-10_53_39
0.004558209,1830.7,0.608612161,INDUCTION-4188-20201116-10_53_39
0.004598019,1823.7,0.6050933,INDUCTION-4188-20201116-10_53_39
0.004638079,1825,0.605746803,INDUCTION-4188-20201116-10_53_39
0.004678129,1865.7,0.626206467,INDUCTION-4188-20201116-10_53_39
0.004718189,1853.8,0.620224403,INDUCTION-4188-20201116-10_53_39
0.004757999,1857.7,0.622184911,INDUCTION-4188-20201116-10_53_39
0.004798059,1853.5,0.620073594,INDUCTION-4188-20201116-10_53_39
0.004838109,1874.7,0.630730717,INDUCTION-4188-20201116-10_53_39
0.004878159,1851.3,0.618967667,INDUCTION-4188-20201116-10_53_39
0.004918219,1886.5,0.636662511,INDUCTION-4188-20201116-10_53_39
0.004958029,1843.1,0.614845572,INDUCTION-4188-20201116-10_53_39
0.004998089,1846.6,0.616605003,INDUCTION-4188-20201116-10_53_39
0.005038139,1902,0.644454275,INDUCTION-4188-20201116-10_53_39
0.005078199,1910.5,0.648727178,INDUCTION-4188-20201116-10_53_39
0.005118009,1860,0.623341108,INDUCTION-4188-20201116-10_53_39
0.005158069,1887,0.636913858,INDUCTION-4188-20201116-10_53_39
0.005198119,1892.6,0.639728947,INDUCTION-4188-20201116-10_53_39
0.005238179,1868.6,0.627664281,INDUCTION-4188-20201116-10_53_39
0.005277989,1919.8,0.653402236,INDUCTION-4188-20201116-10_53_39
0.005318049,1850.4,0.618515242,INDUCTION-4188-20201116-10_53_39
0.005358099,1894.1,0.640482989,INDUCTION-4188-20201116-10_53_39
0.005398149,1907.1,0.647018017,INDUCTION-4188-20201116-10_53_39
0.005438209,1911.9,0.64943095,INDUCTION-4188-20201116-10_53_39
0.005478029,1861.3,0.623994611,INDUCTION-4188-20201116-10_53_39
0.005518079,1881,0.633897692,INDUCTION-4188-20201116-10_53_39
0.005558129,1893.8,0.64033218,INDUCTION-4188-20201116-10_53_39
0.005598189,1881.7,0.634249578,INDUCTION-4188-20201116-10_53_39
0.005637999,1910.1,0.6485261,INDUCTION-4188-20201116-10_53_39
0.005678059,1889,0.637919247,INDUCTION-4188-20201116-10_53_39
0.005718109,1899,0.642946192,INDUCTION-4188-20201116-10_53_39
0.005758169,1889.2,0.638019786,INDUCTION-4188-20201116-10_53_39
0.005798219,1915,0.650989303,INDUCTION-4188-20201116-10_53_39
0.005838039,1915.6,0.651290919,INDUCTION-4188-20201116-10_53_39
0.005878089,1907.5,0.647219094,INDUCTION-4188-20201116-10_53_39
0.005918149,1930.5,0.658781067,INDUCTION-4188-20201116-10_53_39
0.005958199,1896.6,0.641739725,INDUCTION-4188-20201116-10_53_39
0.005998019,1917.3,0.6521455,INDUCTION-4188-20201116-10_53_39
0.006038069,1913.5,0.650235261,INDUCTION-4188-20201116-10_53_39
0.006078119,1917.6,0.652296308,INDUCTION-4188-20201116-10_53_39
0.006118179,1941.4,0.664260436,INDUCTION-4188-20201116-10_53_39
0.006157989,1948.6,0.667879836,INDUCTION-4188-20201116-10_53_39
0.006198049,1947.8,0.66747768,INDUCTION-4188-20201116-10_53_39
0.006238099,1908.3,0.64762125,INDUCTION-4188-20201116-10_53_39
0.006278159,1966.6,0.676928336,INDUCTION-4188-20201116-10_53_39
0.006318209,1916.2,0.651592536,INDUCTION-4188-20201116-10_53_39
0.006358029,1964.3,0.675772139,INDUCTION-4188-20201116-10_53_39
0.006398079,1912.3,0.649632028,INDUCTION-4188-20201116-10_53_39
0.006438139,1974.2,0.680748814,INDUCTION-4188-20201116-10_53_39
0.006478189,1923.2,0.655111397,INDUCTION-4188-20201116-10_53_39
0.006518009,1919.1,0.65305035,INDUCTION-4188-20201116-10_53_39
0.006558059,1959.4,0.673308936,INDUCTION-4188-20201116-10_53_39
0.006598119,1938.4,0.662752353,INDUCTION-4188-20201116-10_53_39
0.006638169,1950.3,0.668734416,INDUCTION-4188-20201116-10_53_39
0.006678219,1941.2,0.664159897,INDUCTION-4188-20201116-10_53_39
0.006718039,1925.8,0.656418403,INDUCTION-4188-20201116-10_53_39
0.006758089,1951.1,0.669136572,INDUCTION-4188-20201116-10_53_39
0.006798149,1981.8,0.684569291,INDUCTION-4188-20201116-10_53_39
0.006838199,1980,0.683664441,INDUCTION-4188-20201116-10_53_39
0.006878019,1931.9,0.659484839,INDUCTION-4188-20201116-10_53_39
0.006918069,1923.1,0.655061128,INDUCTION-4188-20201116-10_53_39
0.006958129,1931.1,0.659082683,INDUCTION-4188-20201116-10_53_39
0.006998179,1928.4,0.657725408,INDUCTION-4188-20201116-10_53_39
0.007037999,1933,0.660037803,INDUCTION-4188-20201116-10_53_39
0.007078049,1951.2,0.669186841,INDUCTION-4188-20201116-10_53_39
0.007118109,1956.5,0.671851122,INDUCTION-4188-20201116-10_53_39
0.007158159,1970.4,0.678838575,INDUCTION-4188-20201116-10_53_39
0.007198219,1961.6,0.674414864,INDUCTION-4188-20201116-10_53_39
0.007238029,1989.7,0.688540577,INDUCTION-4188-20201116-10_53_39
0.007278089,1958.1,0.672655433,INDUCTION-4188-20201116-10_53_39
0.007318139,1952.9,0.670041422,INDUCTION-4188-20201116-10_53_39
0.007358189,1985.4,0.686378991,INDUCTION-4188-20201116-10_53_39
0.007398009,1947.6,0.667377141,INDUCTION-4188-20201116-10_53_39
0.007438059,1984.6,0.685976836,INDUCTION-4188-20201116-10_53_39
0.007478119,1977.2,0.682256897,INDUCTION-4188-20201116-10_53_39
0.007518169,1938.7,0.662903161,INDUCTION-4188-20201116-10_53_39
0.007558229,1978.5,0.6829104,INDUCTION-4188-20201116-10_53_39
0.007598039,2000,0.69371833,INDUCTION-4188-20201116-10_53_39
0.007638099,1979.4,0.683362825,INDUCTION-4188-20201116-10_53_39
0.007678149,1964.2,0.675721869,INDUCTION-4188-20201116-10_53_39
0.007718209,1984.9,0.686127644,INDUCTION-4188-20201116-10_53_39
0.007758019,1975.9,0.681603394,INDUCTION-4188-20201116-10_53_39
0.007798079,1954.9,0.671046811,INDUCTION-4188-20201116-10_53_39
0.007838129,1966.5,0.676878066,INDUCTION-4188-20201116-10_53_39
0.007878179,1972,0.679642886,INDUCTION-4188-20201116-10_53_39
0.007917999,2003.6,0.69552803,INDUCTION-4188-20201116-10_53_39
0.007958059,1967.1,0.677179683,INDUCTION-4188-20201116-10_53_39
0.007998109,2018.7,0.703118716,INDUCTION-4188-20201116-10_53_39
0.008038159,1991.4,0.689395158,INDUCTION-4188-20201116-10_53_39
0.008078219,1984.6,0.685976836,INDUCTION-4188-20201116-10_53_39
0.008118029,2003.7,0.6955783,INDUCTION-4188-20201116-10_53_39
0.008158089,1968.8,0.678034264,INDUCTION-4188-20201116-10_53_39
0.008198139,1992.3,0.689847583,INDUCTION-4188-20201116-10_53_39
0.008238199,2000.6,0.694019947,INDUCTION-4188-20201116-10_53_39
0.008278009,2011.9,0.699700394,INDUCTION-4188-20201116-10_53_39
0.008318069,1968.9,0.678084533,INDUCTION-4188-20201116-10_53_39
0.008358119,1981.1,0.684217405,INDUCTION-4188-20201116-10_53_39
0.008398179,2014.5,0.7010074,INDUCTION-4188-20201116-10_53_39
0.008437989,2002.9,0.695176144,INDUCTION-4188-20201116-10_53_39
0.008478049,2005.7,0.696583689,INDUCTION-4188-20201116-10_53_39
0.008518099,2016.4,0.701962519,INDUCTION-4188-20201116-10_53_39
0.008558149,2011,0.699247969,INDUCTION-4188-20201116-10_53_39
0.008598209,1983.1,0.685222794,INDUCTION-4188-20201116-10_53_39
0.008638019,1986.9,0.687133033,INDUCTION-4188-20201116-10_53_39
0.008678079,1969.5,0.67838615,INDUCTION-4188-20201116-10_53_39
0.008718129,2005.9,0.696684227,INDUCTION-4188-20201116-10_53_39
0.008758189,1986.3,0.686831416,INDUCTION-4188-20201116-10_53_39
0.008797999,2009.5,0.698493927,INDUCTION-4188-20201116-10_53_39
0.008838059,2001.5,0.694472372,INDUCTION-4188-20201116-10_53_39
0.008878109,2023.2,0.705380841,INDUCTION-4188-20201116-10_53_39
0.008918169,2021.7,0.7046268,INDUCTION-4188-20201116-10_53_39
0.008958219,2032.1,0.709854822,INDUCTION-4188-20201116-10_53_39
0.008998039,2064.3,0.726041583,INDUCTION-4188-20201116-10_53_39
0.009038089,2003,0.695226414,INDUCTION-4188-20201116-10_53_39
0.009078149,2029.1,0.708346739,INDUCTION-4188-20201116-10_53_39
0.009118199,1996.3,0.691858361,INDUCTION-4188-20201116-10_53_39
0.009158019,2021.7,0.7046268,INDUCTION-4188-20201116-10_53_39
0.009198069,2016.5,0.702012789,INDUCTION-4188-20201116-10_53_39
0.009238119,2019.6,0.703571141,INDUCTION-4188-20201116-10_53_39
0.009278179,2030.7,0.70915105,INDUCTION-4188-20201116-10_53_39
0.009317989,2016,0.701761441,INDUCTION-4188-20201116-10_53_39
0.009358049,2012.8,0.700152819,INDUCTION-4188-20201116-10_53_39
0.009398099,2016.6,0.702063058,INDUCTION-4188-20201116-10_53_39
0.009438159,2015.9,0.701711172,INDUCTION-4188-20201116-10_53_39
0.009478209,2039.8,0.713725569,INDUCTION-4188-20201116-10_53_39
0.009518029,2053.2,0.720461675,INDUCTION-4188-20201116-10_53_39
0.009558079,2054,0.72086383,INDUCTION-4188-20201116-10_53_39
0.009598139,2056.9,0.722321644,INDUCTION-4188-20201116-10_53_39
0.009638189,2043.6,0.715635808,INDUCTION-4188-20201116-10_53_39
0.009678009,2040.1,0.713876377,INDUCTION-4188-20201116-10_53_39
0.009718059,2015.9,0.701711172,INDUCTION-4188-20201116-10_53_39
0.009758119,2017,0.702264136,INDUCTION-4188-20201116-10_53_39
0.009798169,2042.6,0.715133113,INDUCTION-4188-20201116-10_53_39
0.009838219,2036.2,0.711915869,INDUCTION-4188-20201116-10_53_39
0.009878039,2052.3,0.72000925,INDUCTION-4188-20201116-10_53_39
0.009918089,2020.6,0.704073836,INDUCTION-4188-20201116-10_53_39
0.009958149,2050.7,0.719204938,INDUCTION-4188-20201116-10_53_39
0.009998199,2057.2,0.722472452,INDUCTION-4188-20201116-10_53_39
0.010397999,2053.15,0.72043654,INDUCTION-4188-20201116-10_53_39
0.010798099,2062.34,0.725056302,INDUCTION-4188-20201116-10_53_39
0.011198199,2072,0.72991233,INDUCTION-4188-20201116-10_53_39
0.011598199,2091.28,0.739604279,INDUCTION-4188-20201116-10_53_39
0.011998099,2090.01,0.738965857,INDUCTION-4188-20201116-10_53_39
0.012398099,2106.82,0.747416151,INDUCTION-4188-20201116-10_53_39
0.012798199,2114.26,0.751156197,INDUCTION-4188-20201116-10_53_39
0.013197999,2116.35,0.752206829,INDUCTION-4188-20201116-10_53_39
0.013598099,2124.42,0.756263573,INDUCTION-4188-20201116-10_53_39
0.013998199,2148.8,0.768519263,INDUCTION-4188-20201116-10_53_39
0.014398199,2155.87,0.772073313,INDUCTION-4188-20201116-10_53_39
0.014797999,2160.2,0.77424998,INDUCTION-4188-20201116-10_53_39
0.015198099,2158.88,0.773586423,INDUCTION-4188-20201116-10_53_39
0.015598199,2169.95,0.779151251,INDUCTION-4188-20201116-10_53_39
0.015997999,2174.62,0.781498834,INDUCTION-4188-20201116-10_53_39
0.016398099,2189.46,0.788958819,INDUCTION-4188-20201116-10_53_39
0.016798099,2178.63,0.783514638,INDUCTION-4188-20201116-10_53_39
0.017198199,2196.36,0.792427411,INDUCTION-4188-20201116-10_53_39
0.017597999,2187.06,0.787752353,INDUCTION-4188-20201116-10_53_39
0.017998099,2193.83,0.791155594,INDUCTION-4188-20201116-10_53_39
0.018398199,2198.93,0.793719336,INDUCTION-4188-20201116-10_53_39
0.018797999,2209.64,0.799103193,INDUCTION-4188-20201116-10_53_39
0.019198099,2210.01,0.79928919,INDUCTION-4188-20201116-10_53_39
0.019598099,2207.33,0.797941969,INDUCTION-4188-20201116-10_53_39
0.019998199,2213.42,0.801003378,INDUCTION-4188-20201116-10_53_39
0.020397999,2224.15,0.806397289,INDUCTION-4188-20201116-10_53_39
0.020798099,2226.86,0.807759591,INDUCTION-4188-20201116-10_53_39
0.021198199,2227.95,0.808307528,INDUCTION-4188-20201116-10_53_39
0.021598199,2219.29,0.803954194,INDUCTION-4188-20201116-10_53_39
0.021997999,2221.58,0.805105365,INDUCTION-4188-20201116-10_53_39
0.022398099,2224.8,0.806724041,INDUCTION-4188-20201116-10_53_39
0.022798199,2231.48,0.81008204,INDUCTION-4188-20201116-10_53_39
0.023197999,2223.97,0.806306804,INDUCTION-4188-20201116-10_53_39
0.023598099,2236.47,0.812590485,INDUCTION-4188-20201116-10_53_39
0.023998099,2241.27,0.815003418,INDUCTION-4188-20201116-10_53_39
0.024398199,2235.41,0.812057629,INDUCTION-4188-20201116-10_53_39
0.024797999,2243.46,0.816104319,INDUCTION-4188-20201116-10_53_39
0.025198099,2242.94,0.815842918,INDUCTION-4188-20201116-10_53_39
0.025598199,2238.46,0.813590847,INDUCTION-4188-20201116-10_53_39
0.025997999,2251.81,0.820301818,INDUCTION-4188-20201116-10_53_39
0.026398099,2238.82,0.813771817,INDUCTION-4188-20201116-10_53_39
0.026798099,2237.58,0.813148476,INDUCTION-4188-20201116-10_53_39
0.027198199,2240.05,0.814390131,INDUCTION-4188-20201116-10_53_39
0.027597999,2241.01,0.814872718,INDUCTION-4188-20201116-10_53_39
0.027998099,2252.32,0.820558192,INDUCTION-4188-20201116-10_53_39
0.028398199,2256.93,0.822875613,INDUCTION-4188-20201116-10_53_39
0.028798199,2248.47,0.818622818,INDUCTION-4188-20201116-10_53_39
0.029198099,2263.7,0.826278855,INDUCTION-4188-20201116-10_53_39
0.029598099,2264.05,0.826454798,INDUCTION-4188-20201116-10_53_39
0.029998199,2257.38,0.823101826,INDUCTION-4188-20201116-10_53_39
0.030397999,2262.94,0.825896807,INDUCTION-4188-20201116-10_53_39
0.030798099,2262.03,0.825439355,INDUCTION-4188-20201116-10_53_39
0.031198099,2256.18,0.822498592,INDUCTION-4188-20201116-10_53_39
0.031598199,2267.3,0.828088555,INDUCTION-4188-20201116-10_53_39
0.031997999,2268.95,0.828918,INDUCTION-4188-20201116-10_53_39
0.032398099,2267,0.827937746,INDUCTION-4188-20201116-10_53_39
0.032798199,2256.52,0.822669509,INDUCTION-4188-20201116-10_53_39
0.033197999,2273.63,0.83127061,INDUCTION-4188-20201116-10_53_39
0.033598099,2270.48,0.829687123,INDUCTION-4188-20201116-10_53_39
0.033998099,2256.25,0.822533781,INDUCTION-4188-20201116-10_53_39
0.034398199,2273.93,0.831421419,INDUCTION-4188-20201116-10_53_39
0.034797999,2271.62,0.830260195,INDUCTION-4188-20201116-10_53_39
0.035198099,2273.33,0.831119802,INDUCTION-4188-20201116-10_53_39
0.035598199,2275.33,0.832125191,INDUCTION-4188-20201116-10_53_39
0.035998199,2284.96,0.836966139,INDUCTION-4188-20201116-10_53_39
0.036398099,2268.92,0.82890292,INDUCTION-4188-20201116-10_53_39
0.036798099,2274.75,0.831833628,INDUCTION-4188-20201116-10_53_39
0.037198199,2283.74,0.836352851,INDUCTION-4188-20201116-10_53_39
0.037597999,2266.32,0.827595914,INDUCTION-4188-20201116-10_53_39
0.037998099,2289.28,0.839137778,INDUCTION-4188-20201116-10_53_39
0.038398099,2286.04,0.837509048,INDUCTION-4188-20201116-10_53_39
0.038798199,2278.23,0.833583005,INDUCTION-4188-20201116-10_53_39
0.039197999,2280.4,0.834673852,INDUCTION-4188-20201116-10_53_39
0.039598099,2278.59,0.833763975,INDUCTION-4188-20201116-10_53_39
0.039998199,2280.59,0.834769364,INDUCTION-4188-20201116-10_53_39
0.040397999,2281.02,0.834985522,INDUCTION-4188-20201116-10_53_39
0.040798099,2284.33,0.836649441,INDUCTION-4188-20201116-10_53_39
0.041198099,2275.15,0.832034706,INDUCTION-4188-20201116-10_53_39
0.041598199,2285.7,0.837338132,INDUCTION-4188-20201116-10_53_39
0.041997999,2295.01,0.842018218,INDUCTION-4188-20201116-10_53_39
0.042398099,2277.53,0.833231119,INDUCTION-4188-20201116-10_53_39
0.042798199,2286,0.837488941,INDUCTION-4188-20201116-10_53_39
0.043198199,2290.95,0.839977278,INDUCTION-4188-20201116-10_53_39
0.043598099,2303.94,0.846507279,INDUCTION-4188-20201116-10_53_39
0.043998099,2287.97,0.838479249,INDUCTION-4188-20201116-10_53_39
0.044398199,2288.18,0.838584815,INDUCTION-4188-20201116-10_53_39
0.044797999,2286.64,0.837810665,INDUCTION-4188-20201116-10_53_39
0.045198099,2290.97,0.839987332,INDUCTION-4188-20201116-10_53_39
0.045598099,2288.71,0.838851243,INDUCTION-4188-20201116-10_53_39
0.045998199,2303.23,0.846150366,INDUCTION-4188-20201116-10_53_39
0.046397999,2290.91,0.83995717,INDUCTION-4188-20201116-10_53_39
0.046798099,2294.35,0.841686439,INDUCTION-4188-20201116-10_53_39
0.047198199,2292.2,0.840605646,INDUCTION-4188-20201116-10_53_39
0.047597999,2300.26,0.844657363,INDUCTION-4188-20201116-10_53_39
0.047998099,2294.11,0.841565793,INDUCTION-4188-20201116-10_53_39
0.048398099,2296.57,0.842802421,INDUCTION-4188-20201116-10_53_39
0.048798199,2304.66,0.846869219,INDUCTION-4188-20201116-10_53_39
0.049197999,2297.86,0.843450897,INDUCTION-4188-20201116-10_53_39
0.049598099,2307.26,0.848176225,INDUCTION-4188-20201116-10_53_39
0.049998199,2303.4,0.846235824,INDUCTION-4188-20201116-10_53_39
0.050397999,2302.65,0.845858803,INDUCTION-4188-20201116-10_53_39
0.050798099,2307.96,0.848528111,INDUCTION-4188-20201116-10_53_39
0.051198099,2304.19,0.846632953,INDUCTION-4188-20201116-10_53_39
0.051598199,2307.74,0.848417518,INDUCTION-4188-20201116-10_53_39
0.051997999,2310.94,0.85002614,INDUCTION-4188-20201116-10_53_39
0.052398099,2313.55,0.851338173,INDUCTION-4188-20201116-10_53_39
0.052798199,2308.51,0.848804593,INDUCTION-4188-20201116-10_53_39
0.053198199,2314.08,0.851604601,INDUCTION-4188-20201116-10_53_39
0.053597999,2317.52,0.85333387,INDUCTION-4188-20201116-10_53_39
0.053998099,2311.87,0.850493646,INDUCTION-4188-20201116-10_53_39
0.054398199,2318.74,0.853947157,INDUCTION-4188-20201116-10_53_39
0.054797999,2309.61,0.849357557,INDUCTION-4188-20201116-10_53_39
0.055198099,2319.09,0.8541231,INDUCTION-4188-20201116-10_53_39
0.055598099,2317.95,0.853550028,INDUCTION-4188-20201116-10_53_39
0.055998199,2308.74,0.848920212,INDUCTION-4188-20201116-10_53_39
0.056397999,2325.69,0.857440883,INDUCTION-4188-20201116-10_53_39
0.056798099,2326.7,0.857948605,INDUCTION-4188-20201116-10_53_39
0.057198199,2330.6,0.859909113,INDUCTION-4188-20201116-10_53_39
0.057597999,2316.26,0.852700475,INDUCTION-4188-20201116-10_53_39
0.057998099,2339.65,0.864458498,INDUCTION-4188-20201116-10_53_39
0.058398099,2330.94,0.860080029,INDUCTION-4188-20201116-10_53_39
0.058798199,2326.97,0.858084332,INDUCTION-4188-20201116-10_53_39
0.059197999,2332.22,0.860723478,INDUCTION-4188-20201116-10_53_39
0.059598099,2337.82,0.863538567,INDUCTION-4188-20201116-10_53_39
0.059998199,2333.25,0.861241253,INDUCTION-4188-20201116-10_53_39
0.060398199,2319.19,0.854173369,INDUCTION-4188-20201116-10_53_39
0.060797999,2328.71,0.85895902,INDUCTION-4188-20201116-10_53_39
0.061198099,2349.56,0.869440199,INDUCTION-4188-20201116-10_53_39
0.061598199,2344.34,0.866816134,INDUCTION-4188-20201116-10_53_39
0.061997999,2328.38,0.858793131,INDUCTION-4188-20201116-10_53_39
0.062398099,2335.62,0.862432639,INDUCTION-4188-20201116-10_53_39
0.062798099,2351.41,0.870370184,INDUCTION-4188-20201116-10_53_39
0.063198199,2356.65,0.873004303,INDUCTION-4188-20201116-10_53_39
0.063597999,2351.45,0.870390292,INDUCTION-4188-20201116-10_53_39
0.063998099,2354.37,0.87185816,INDUCTION-4188-20201116-10_53_39
0.064398199,2354.16,0.871752594,INDUCTION-4188-20201116-10_53_39
0.064797999,2358.62,0.873994611,INDUCTION-4188-20201116-10_53_39
0.065198099,2357.27,0.873315974,INDUCTION-4188-20201116-10_53_39
0.065598099,2355.5,0.872426204,INDUCTION-4188-20201116-10_53_39
0.065998199,2366.17,0.877789954,INDUCTION-4188-20201116-10_53_39
0.066397999,2355.04,0.872194965,INDUCTION-4188-20201116-10_53_39
0.066798099,2372.13,0.880786013,INDUCTION-4188-20201116-10_53_39
0.067198199,2363.89,0.876643811,INDUCTION-4188-20201116-10_53_39
0.067598199,2371.26,0.880348669,INDUCTION-4188-20201116-10_53_39
0.067998099,2373.04,0.881243465,INDUCTION-4188-20201116-10_53_39
0.068398099,2377.44,0.883455321,INDUCTION-4188-20201116-10_53_39
0.068798199,2370.28,0.879856028,INDUCTION-4188-20201116-10_53_39
0.069197999,2368.68,0.879051717,INDUCTION-4188-20201116-10_53_39
0.069598099,2384.46,0.886984236,INDUCTION-4188-20201116-10_53_39
0.069998099,2372.44,0.880941848,INDUCTION-4188-20201116-10_53_39
0.070398199,2370.29,0.879861055,INDUCTION-4188-20201116-10_53_39
0.070797999,2372.75,0.881097684,INDUCTION-4188-20201116-10_53_39
0.071198099,2378.03,0.88375191,INDUCTION-4188-20201116-10_53_39
0.071598199,2389.89,0.889713866,INDUCTION-4188-20201116-10_53_39
0.071997999,2389.67,0.889603274,INDUCTION-4188-20201116-10_53_39
0.072398099,2375.52,0.882490147,INDUCTION-4188-20201116-10_53_39
0.072798099,2396.75,0.89316235,INDUCTION-4188-20201116-10_53_39
0.073198199,2385.04,0.887275798,INDUCTION-4188-20201116-10_53_39
0.073597999,2388.36,0.888944744,INDUCTION-4188-20201116-10_53_39
0.073998099,2409.47,0.899556624,INDUCTION-4188-20201116-10_53_39
0.074398199,2393.09,0.891322489,INDUCTION-4188-20201116-10_53_39
0.074798199,2396.23,0.892900949,INDUCTION-4188-20201116-10_53_39
0.075198099,2399.6,0.894595029,INDUCTION-4188-20201116-10_53_39
0.075598099,2411.5,0.900577093,INDUCTION-4188-20201116-10_53_39
0.075998199,2400.33,0.894961996,INDUCTION-4188-20201116-10_53_39
0.076397999,2400.28,0.894936862,INDUCTION-4188-20201116-10_53_39
0.076798099,2410.16,0.899903483,INDUCTION-4188-20201116-10_53_39
0.077198099,2410.54,0.900094507,INDUCTION-4188-20201116-10_53_39
0.077598199,2415.42,0.902547655,INDUCTION-4188-20201116-10_53_39
0.077997999,2408.44,0.899038848,INDUCTION-4188-20201116-10_53_39
0.078398099,2398.42,0.89400185,INDUCTION-4188-20201116-10_53_39
0.078798199,2413.79,0.901728263,INDUCTION-4188-20201116-10_53_39
0.079197999,2423.54,0.906629534,INDUCTION-4188-20201116-10_53_39
0.079598099,2417.81,0.903749095,INDUCTION-4188-20201116-10_53_39
0.079998099,2422.77,0.90624246,INDUCTION-4188-20201116-10_53_39
0.080398199,2434.6,0.912189335,INDUCTION-4188-20201116-10_53_39
0.080797999,2424.27,0.906996501,INDUCTION-4188-20201116-10_53_39
0.081198099,2437.36,0.913576771,INDUCTION-4188-20201116-10_53_39
0.081598199,2424.07,0.906895962,INDUCTION-4188-20201116-10_53_39
0.081998199,2433.49,0.911631344,INDUCTION-4188-20201116-10_53_39
0.082398099,2435.34,0.912561329,INDUCTION-4188-20201116-10_53_39
0.082798099,2432.3,0.911033138,INDUCTION-4188-20201116-10_53_39
0.083198199,2441.08,0.915446795,INDUCTION-4188-20201116-10_53_39
0.083597999,2450.47,0.920167096,INDUCTION-4188-20201116-10_53_39
0.083998099,2457.76,0.923831738,INDUCTION-4188-20201116-10_53_39
0.084398199,2443.98,0.916904609,INDUCTION-4188-20201116-10_53_39
0.084798199,2446.85,0.918347342,INDUCTION-4188-20201116-10_53_39
0.085197999,2444.15,0.916990067,INDUCTION-4188-20201116-10_53_39
0.085598099,2460.53,0.925224202,INDUCTION-4188-20201116-10_53_39
0.085998199,2462.07,0.925998351,INDUCTION-4188-20201116-10_53_39
0.086397999,2464.44,0.927189737,INDUCTION-4188-20201116-10_53_39
0.086798099,2449.48,0.919669428,INDUCTION-4188-20201116-10_53_39
0.087198099,2464.2,0.92706909,INDUCTION-4188-20201116-10_53_39
0.087598199,2463.63,0.926782554,INDUCTION-4188-20201116-10_53_39
0.087997999,2459.53,0.924721507,INDUCTION-4188-20201116-10_53_39
0.088398099,2474.17,0.932080954,INDUCTION-4188-20201116-10_53_39
0.088798199,2468.11,0.929034626,INDUCTION-4188-20201116-10_53_39
0.089197999,2467.66,0.928808413,INDUCTION-4188-20201116-10_53_39
0.089598099,2482.37,0.936203048,INDUCTION-4188-20201116-10_53_39
0.089998099,2479.85,0.934936258,INDUCTION-4188-20201116-10_53_39
0.090398199,2469.81,0.929889206,INDUCTION-4188-20201116-10_53_39
0.090797999,2481.47,0.935750623,INDUCTION-4188-20201116-10_53_39
0.091198099,2491.9,0.940993726,INDUCTION-4188-20201116-10_53_39
0.091598199,2481.42,0.935725489,INDUCTION-4188-20201116-10_53_39
0.091998199,2486.24,0.938148476,INDUCTION-4188-20201116-10_53_39
0.092397999,2487.75,0.938907544,INDUCTION-4188-20201116-10_53_39
0.092798099,2488.6,0.939334835,INDUCTION-4188-20201116-10_53_39
0.093198199,2480.75,0.935388683,INDUCTION-4188-20201116-10_53_39
0.093597999,2488.24,0.939153865,INDUCTION-4188-20201116-10_53_39
0.093998099,2489.95,0.940013472,INDUCTION-4188-20201116-10_53_39
0.094398099,2490.86,0.940470924,INDUCTION-4188-20201116-10_53_39
0.094798199,2489.55,0.939812394,INDUCTION-4188-20201116-10_53_39
0.095197999,2474.94,0.932468029,INDUCTION-4188-20201116-10_53_39
0.095598099,2503.93,0.947041141,INDUCTION-4188-20201116-10_53_39
0.095998199,2499.19,0.944658369,INDUCTION-4188-20201116-10_53_39
0.096397999,2515.46,0.952837207,INDUCTION-4188-20201116-10_53_39
0.096798099,2495.38,0.942743103,INDUCTION-4188-20201116-10_53_39
0.097198099,2505.07,0.947614212,INDUCTION-4188-20201116-10_53_39
0.097598199,2508.1,0.949137376,INDUCTION-4188-20201116-10_53_39
0.097997999,2503.12,0.946633958,INDUCTION-4188-20201116-10_53_39
0.098398099,2504.45,0.947302542,INDUCTION-4188-20201116-10_53_39
0.098798199,2518.84,0.954536315,INDUCTION-4188-20201116-10_53_39
0.099198199,2509.71,0.949946714,INDUCTION-4188-20201116-10_53_39
0.099598099,2508.13,0.949152457,INDUCTION-4188-20201116-10_53_39
0.099997999,2511.74,0.950967184,INDUCTION-4188-20201116-10_53_39
0.103997999,2521.85,0.956049425,INDUCTION-4188-20201116-10_53_39
0.107997999,2535.5,0.962911204,INDUCTION-4188-20201116-10_53_39
0.111997999,2546.24,0.968310142,INDUCTION-4188-20201116-10_53_39
0.115997999,2555.53,0.972980174,INDUCTION-4188-20201116-10_53_39
0.119997999,2566.7,0.978595271,INDUCTION-4188-20201116-10_53_39
0.123997999,2574.8,0.982667096,INDUCTION-4188-20201116-10_53_39
0.127997999,2582.19,0.986382008,INDUCTION-4188-20201116-10_53_39
0.131997999,2585,0.987794579,INDUCTION-4188-20201116-10_53_39
0.135997999,2594.14,0.992389206,INDUCTION-4188-20201116-10_53_39
0.139997999,2593.9,0.992268559,INDUCTION-4188-20201116-10_53_39
0.143997999,2595.67,0.993158329,INDUCTION-4188-20201116-10_53_39
0.147997999,2600.18,0.995425481,INDUCTION-4188-20201116-10_53_39
0.151997999,2600.81,0.995742178,INDUCTION-4188-20201116-10_53_39
0.155997999,2605.75,0.998225489,INDUCTION-4188-20201116-10_53_39
0.159997999,2609.28,1,INDUCTION-4188-20201116-10_53_39
0.163997999,2606.02,0.998361216,INDUCTION-4188-20201116-10_53_39
0.167997999,2606.83,0.998768399,INDUCTION-4188-20201116-10_53_39
0.171997999,2608.46,0.999587791,INDUCTION-4188-20201116-10_53_39
0.175997999,2605.21,0.997954034,INDUCTION-4188-20201116-10_53_39
0.179997999,2605.15,0.997923872,INDUCTION-4188-20201116-10_53_39
0.183997999,2605.35,0.998024411,INDUCTION-4188-20201116-10_53_39
0.187997999,2605.97,0.998336081,INDUCTION-4188-20201116-10_53_39
0.191997999,2605.38,0.998039492,INDUCTION-4188-20201116-10_53_39
0.195997999,2603.86,0.997275396,INDUCTION-4188-20201116-10_53_39
0.199997999,2599.52,0.995093702,INDUCTION-4188-20201116-10_53_39
0.203997999,2597.41,0.994033017,INDUCTION-4188-20201116-10_53_39
0.207997999,2597.1,0.993877182,INDUCTION-4188-20201116-10_53_39
0.211997999,2599.34,0.995003217,INDUCTION-4188-20201116-10_53_39
0.215997999,2599.15,0.994907705,INDUCTION-4188-20201116-10_53_39
0.219997999,2598.79,0.994726735,INDUCTION-4188-20201116-10_53_39
0.223997999,2595.57,0.993108059,INDUCTION-4188-20201116-10_53_39
0.227997999,2593.97,0.992303748,INDUCTION-4188-20201116-10_53_39
0.231997999,2593.25,0.991941808,INDUCTION-4188-20201116-10_53_39
0.235997999,2591.88,0.991253117,INDUCTION-4188-20201116-10_53_39
0.239997999,2594.66,0.992650607,INDUCTION-4188-20201116-10_53_39
0.243997999,2590.29,0.990453833,INDUCTION-4188-20201116-10_53_39
0.247997999,2590.35,0.990483994,INDUCTION-4188-20201116-10_53_39
0.251997999,2584.41,0.987497989,INDUCTION-4188-20201116-10_53_39
0.255997999,2587.21,0.988905534,INDUCTION-4188-20201116-10_53_39
0.259997999,2588.99,0.98980033,INDUCTION-4188-20201116-10_53_39
0.263997999,2585.56,0.988076088,INDUCTION-4188-20201116-10_53_39
0.267997999,2580.87,0.985718451,INDUCTION-4188-20201116-10_53_39
0.271997999,2589.22,0.989915949,INDUCTION-4188-20201116-10_53_39
0.275997999,2582.39,0.986482546,INDUCTION-4188-20201116-10_53_39
0.279997999,2580.84,0.98570337,INDUCTION-4188-20201116-10_53_39
0.283997999,2586.12,0.988357597,INDUCTION-4188-20201116-10_53_39
0.287997999,2583.15,0.986864594,INDUCTION-4188-20201116-10_53_39
0.291997999,2580.59,0.985577696,INDUCTION-4188-20201116-10_53_39
0.295997999,2582.64,0.98660822,INDUCTION-4188-20201116-10_53_39
0.299997999,2579.95,0.985255972,INDUCTION-4188-20201116-10_53_39
0.303997999,2578.23,0.984391338,INDUCTION-4188-20201116-10_53_39
0.307997999,2578.01,0.984280745,INDUCTION-4188-20201116-10_53_39
0.311997999,2575.92,0.983230113,INDUCTION-4188-20201116-10_53_39
0.315997999,2582.2,0.986387035,INDUCTION-4188-20201116-10_53_39
0.319997999,2577.79,0.984170152,INDUCTION-4188-20201116-10_53_39
0.323997999,2576.98,0.98376297,INDUCTION-4188-20201116-10_53_39
0.327997999,2577.8,0.984175179,INDUCTION-4188-20201116-10_53_39
0.331997999,2573.81,0.982169428,INDUCTION-4188-20201116-10_53_39
0.335997999,2575.04,0.982787742,INDUCTION-4188-20201116-10_53_39
0.339997999,2578.53,0.984542146,INDUCTION-4188-20201116-10_53_39
0.343997999,2576.73,0.983637296,INDUCTION-4188-20201116-10_53_39
0.347997999,2576.38,0.983461353,INDUCTION-4188-20201116-10_53_39
0.351997999,2577.16,0.983853455,INDUCTION-4188-20201116-10_53_39
0.355997999,2574.98,0.982757581,INDUCTION-4188-20201116-10_53_39
0.359997999,2574.95,0.9827425,INDUCTION-4188-20201116-10_53_39
0.363997999,2574.66,0.982596718,INDUCTION-4188-20201116-10_53_39
0.367997999,2575.6,0.983069251,INDUCTION-4188-20201116-10_53_39
0.371997999,2571.89,0.981204255,INDUCTION-4188-20201116-10_53_39
0.375997999,2574.38,0.982455964,INDUCTION-4188-20201116-10_53_39
0.379997999,2574.83,0.982682176,INDUCTION-4188-20201116-10_53_39
0.383997999,2572.68,0.981601383,INDUCTION-4188-20201116-10_53_39
0.387997999,2570.53,0.98052059,INDUCTION-4188-20201116-10_53_39
0.391997999,2570.23,0.980369782,INDUCTION-4188-20201116-10_53_39
0.395997999,2575.06,0.982797796,INDUCTION-4188-20201116-10_53_39
0.399997999,2570.41,0.980460267,INDUCTION-4188-20201116-10_53_39
0.403997999,2570.45,0.980480375,INDUCTION-4188-20201116-10_53_39
0.407997999,2574.29,0.982410721,INDUCTION-4188-20201116-10_53_39
0.411997999,2572.74,0.981631545,INDUCTION-4188-20201116-10_53_39
0.415997999,2569.35,0.979927411,INDUCTION-4188-20201116-10_53_39
0.419997999,2571.01,0.980761884,INDUCTION-4188-20201116-10_53_39
0.423997999,2570.3,0.980404971,INDUCTION-4188-20201116-10_53_39
0.427997999,2570.08,0.980294378,INDUCTION-4188-20201116-10_53_39
0.431997999,2567.17,0.978831537,INDUCTION-4188-20201116-10_53_39
0.435997999,2569.05,0.979776603,INDUCTION-4188-20201116-10_53_39
0.439997999,2569.2,0.979852007,INDUCTION-4188-20201116-10_53_39
0.443997999,2569.27,0.979887195,INDUCTION-4188-20201116-10_53_39
0.447997999,2564.3,0.977388804,INDUCTION-4188-20201116-10_53_39
0.451997999,2566.63,0.978560082,INDUCTION-4188-20201116-10_53_39
0.455997999,2569.08,0.979791683,INDUCTION-4188-20201116-10_53_39
0.459997999,2565.98,0.978233331,INDUCTION-4188-20201116-10_53_39
0.463997999,2570.16,0.980334593,INDUCTION-4188-20201116-10_53_39
0.467997999,2567.83,0.979163315,INDUCTION-4188-20201116-10_53_39
0.471997999,2567.01,0.978751106,INDUCTION-4188-20201116-10_53_39
0.475997999,2565.48,0.977981983,INDUCTION-4188-20201116-10_53_39
0.479997999,2561.31,0.975885748,INDUCTION-4188-20201116-10_53_39
0.483997999,2565.77,0.978127765,INDUCTION-4188-20201116-10_53_39
0.487997999,2561.47,0.975966179,INDUCTION-4188-20201116-10_53_39
0.491997999,2566.48,0.978484678,INDUCTION-4188-20201116-10_53_39
0.495997999,2563.95,0.977212861,INDUCTION-4188-20201116-10_53_39
0.499997999,2563.92,0.97719778,INDUCTION-4188-20201116-10_53_39
0.503997999,2563.79,0.97713243,INDUCTION-4188-20201116-10_53_39
0.507997999,2565.18,0.977831175,INDUCTION-4188-20201116-10_53_39
0.511997999,2561.3,0.975880721,INDUCTION-4188-20201116-10_53_39
0.515997999,2564.33,0.977403885,INDUCTION-4188-20201116-10_53_39
0.519997999,2567.41,0.978952184,INDUCTION-4188-20201116-10_53_39
0.523997999,2565.53,0.978007118,INDUCTION-4188-20201116-10_53_39
0.527997999,2566.16,0.978323816,INDUCTION-4188-20201116-10_53_39
0.531997999,2564.09,0.977283238,INDUCTION-4188-20201116-10_53_39
0.535997999,2563.69,0.97708216,INDUCTION-4188-20201116-10_53_39
0.539997999,2562.43,0.976448765,INDUCTION-4188-20201116-10_53_39
0.543997999,2562.3,0.976383415,INDUCTION-4188-20201116-10_53_39
0.547997999,2559.86,0.975156841,INDUCTION-4188-20201116-10_53_39
0.551997999,2557.45,0.973945347,INDUCTION-4188-20201116-10_53_39
0.555997999,2560.76,0.975609266,INDUCTION-4188-20201116-10_53_39
0.559997999,2561.89,0.97617731,INDUCTION-4188-20201116-10_53_39
0.563997999,2563.49,0.976981621,INDUCTION-4188-20201116-10_53_39
0.567997999,2560.88,0.975669589,INDUCTION-4188-20201116-10_53_39
0.571997999,2560.05,0.975252353,INDUCTION-4188-20201116-10_53_39
0.575997999,2559.16,0.974804955,INDUCTION-4188-20201116-10_53_39
0.579997999,2560.14,0.975297595,INDUCTION-4188-20201116-10_53_39
0.583997999,2559.12,0.974784847,INDUCTION-4188-20201116-10_53_39
0.587997999,2558.07,0.974257018,INDUCTION-4188-20201116-10_53_39
0.591997999,2557.91,0.974176587,INDUCTION-4188-20201116-10_53_39
0.595997999,2559.5,0.974975871,INDUCTION-4188-20201116-10_53_39
0.599997999,2558.22,0.974332422,INDUCTION-4188-20201116-10_53_39
0.603997999,2557.25,0.973844808,INDUCTION-4188-20201116-10_53_39
0.607997999,2560.32,0.97538808,INDUCTION-4188-20201116-10_53_39
0.611997999,2559.9,0.975176948,INDUCTION-4188-20201116-10_53_39
0.615997999,2560.65,0.975553969,INDUCTION-4188-20201116-10_53_39
0.619997999,2556.69,0.973563299,INDUCTION-4188-20201116-10_53_39
0.623997999,2559.03,0.974739604,INDUCTION-4188-20201116-10_53_39
0.627997999,2555,0.972713746,INDUCTION-4188-20201116-10_53_39
0.631997999,2554.74,0.972583045,INDUCTION-4188-20201116-10_53_39
0.635997999,2557.99,0.974216802,INDUCTION-4188-20201116-10_53_39
0.639997999,2558.57,0.974508365,INDUCTION-4188-20201116-10_53_39
0.643997999,2554.84,0.972633315,INDUCTION-4188-20201116-10_53_39
0.647997999,2557.92,0.974181613,INDUCTION-4188-20201116-10_53_39
0.651997999,2556.89,0.973663838,INDUCTION-4188-20201116-10_53_39
0.655997999,2560.37,0.975413215,INDUCTION-4188-20201116-10_53_39
0.659997999,2549.67,0.970034384,INDUCTION-4188-20201116-10_53_39
0.663997999,2553.84,0.97213062,INDUCTION-4188-20201116-10_53_39
0.667997999,2555.18,0.972804231,INDUCTION-4188-20201116-10_53_39
0.671997999,2553.9,0.972160782,INDUCTION-4188-20201116-10_53_39
0.675997999,2551.81,0.97111015,INDUCTION-4188-20201116-10_53_39
0.679997999,2552.37,0.971391659,INDUCTION-4188-20201116-10_53_39
0.683997999,2553.37,0.971894354,INDUCTION-4188-20201116-10_53_39
0.687997999,2556.01,0.973221467,INDUCTION-4188-20201116-10_53_39
0.691997999,2552.49,0.971451983,INDUCTION-4188-20201116-10_53_39
0.695997999,2554.31,0.972366887,INDUCTION-4188-20201116-10_53_39
0.699997999,2559.39,0.974920574,INDUCTION-4188-20201116-10_53_39
0.703997999,2551.15,0.970778372,INDUCTION-4188-20201116-10_53_39
0.707997999,2549.41,0.969903684,INDUCTION-4188-20201116-10_53_39
0.711997999,2556.35,0.973392383,INDUCTION-4188-20201116-10_53_39
0.715997999,2552.1,0.971255932,INDUCTION-4188-20201116-10_53_39
0.719997999,2549.17,0.969783037,INDUCTION-4188-20201116-10_53_39
0.723997999,2548.65,0.969521636,INDUCTION-4188-20201116-10_53_39
0.727997999,2550.06,0.970230435,INDUCTION-4188-20201116-10_53_39
0.731997999,2552.98,0.971698303,INDUCTION-4188-20201116-10_53_39
0.735997999,2549.15,0.969772983,INDUCTION-4188-20201116-10_53_39
0.739997999,2554.14,0.972281428,INDUCTION-4188-20201116-10_53_39
0.743997999,2549.18,0.969788064,INDUCTION-4188-20201116-10_53_39
0.747997999,2548.2,0.969295423,INDUCTION-4188-20201116-10_53_39
0.751997999,2553.13,0.971773707,INDUCTION-4188-20201116-10_53_39
0.755997999,2552.62,0.971517333,INDUCTION-4188-20201116-10_53_39
0.759997999,2551.47,0.970939234,INDUCTION-4188-20201116-10_53_39
0.763997999,2549.13,0.969762929,INDUCTION-4188-20201116-10_53_39
0.767997999,2551.98,0.971195608,INDUCTION-4188-20201116-10_53_39
0.771997999,2547.83,0.969109427,INDUCTION-4188-20201116-10_53_39
0.775997999,2547.62,0.969003861,INDUCTION-4188-20201116-10_53_39
0.779997999,2547.36,0.96887316,INDUCTION-4188-20201116-10_53_39
0.783997999,2544.92,0.967646586,INDUCTION-4188-20201116-10_53_39
0.787997999,2550.95,0.970677833,INDUCTION-4188-20201116-10_53_39
0.791997999,2547.88,0.969134561,INDUCTION-4188-20201116-10_53_39
0.795997999,2547.51,0.968948564,INDUCTION-4188-20201116-10_53_39
0.799997999,2546.53,0.968455924,INDUCTION-4188-20201116-10_53_39
0.803997999,2547.98,0.969184831,INDUCTION-4188-20201116-10_53_39
0.807997999,2547.65,0.969018942,INDUCTION-4188-20201116-10_53_39
0.811997999,2544.97,0.96767172,INDUCTION-4188-20201116-10_53_39
0.815997999,2545.42,0.967897933,INDUCTION-4188-20201116-10_53_39
0.819997999,2550.62,0.970511944,INDUCTION-4188-20201116-10_53_39
0.823997999,2548.49,0.969441205,INDUCTION-4188-20201116-10_53_39
0.827997999,2548.45,0.969421097,INDUCTION-4188-20201116-10_53_39
0.831997999,2541.79,0.966073152,INDUCTION-4188-20201116-10_53_39
0.835997999,2546.37,0.968375493,INDUCTION-4188-20201116-10_53_39
0.839997999,2547.07,0.968727379,INDUCTION-4188-20201116-10_53_39
0.843997999,2545.94,0.968159334,INDUCTION-4188-20201116-10_53_39
0.847997999,2549.05,0.969722714,INDUCTION-4188-20201116-10_53_39
0.851997999,2545.96,0.968169388,INDUCTION-4188-20201116-10_53_39
0.855997999,2542.59,0.966475308,INDUCTION-4188-20201116-10_53_39
0.859997999,2543.35,0.966857355,INDUCTION-4188-20201116-10_53_39
0.863997999,2544.56,0.967465616,INDUCTION-4188-20201116-10_53_39
0.867997999,2544.45,0.967410319,INDUCTION-4188-20201116-10_53_39
0.871997999,2544.73,0.967551074,INDUCTION-4188-20201116-10_53_39
0.875997999,2544.15,0.967259511,INDUCTION-4188-20201116-10_53_39
0.879997999,2545.37,0.967872798,INDUCTION-4188-20201116-10_53_39
0.883997999,2544.99,0.967681774,INDUCTION-4188-20201116-10_53_39
0.887997999,2540.99,0.965670997,INDUCTION-4188-20201116-10_53_39
0.891997999,2545.08,0.967727017,INDUCTION-4188-20201116-10_53_39
0.895997999,2541.82,0.966088233,INDUCTION-4188-20201116-10_53_39
0.899997999,2544.14,0.967254484,INDUCTION-4188-20201116-10_53_39
0.903997999,2539.92,0.965133113,INDUCTION-4188-20201116-10_53_39
0.907997999,2543.9,0.967133837,INDUCTION-4188-20201116-10_53_39
0.911997999,2543.69,0.967028272,INDUCTION-4188-20201116-10_53_39
0.915997999,2542.24,0.966299365,INDUCTION-4188-20201116-10_53_39
0.919997999,2541.92,0.966138502,INDUCTION-4188-20201116-10_53_39
0.923997999,2538.87,0.964605284,INDUCTION-4188-20201116-10_53_39
0.927997999,2539.96,0.965153221,INDUCTION-4188-20201116-10_53_39
0.931997999,2538.06,0.964198102,INDUCTION-4188-20201116-10_53_39
0.935997999,2539.77,0.965057709,INDUCTION-4188-20201116-10_53_39
0.939997999,2538.95,0.9646455,INDUCTION-4188-20201116-10_53_39
0.943997999,2540.36,0.965354299,INDUCTION-4188-20201116-10_53_39
0.947997999,2541.24,0.96579667,INDUCTION-4188-20201116-10_53_39
0.951997999,2539.2,0.964771173,INDUCTION-4188-20201116-10_53_39
0.955997999,2538.81,0.964575123,INDUCTION-4188-20201116-10_53_39
0.959997999,2538.56,0.964449449,INDUCTION-4188-20201116-10_53_39
0.963997999,2535.41,0.962865962,INDUCTION-4188-20201116-10_53_39
0.967997999,2539.37,0.964856632,INDUCTION-4188-20201116-10_53_39
0.971997999,2542,0.966178718,INDUCTION-4188-20201116-10_53_39
0.975997999,2538.87,0.964605284,INDUCTION-4188-20201116-10_53_39
0.979997999,2534.86,0.96258948,INDUCTION-4188-20201116-10_53_39
0.983997999,2537.44,0.963886431,INDUCTION-4188-20201116-10_53_39
0.987997999,2533.44,0.961875654,INDUCTION-4188-20201116-10_53_39
0.991997999,2536.73,0.963529518,INDUCTION-4188-20201116-10_53_39
0.995997999,2539.42,0.964881766,INDUCTION-4188-20201116-10_53_39
1.000001999,2539.42,0.964881766,INDUCTION-4188-20201116-10_53_39
