SECS,FLUOR,NORM_FLUOR,SOURCE
6.08E-06,98161,0,INDUCTION-4188-20201116-10_53_39
1.01E-05,100331,0.007134708,INDUCTION-4188-20201116-10_53_39
1.42E-05,102577,0.014519295,INDUCTION-4188-20201116-10_53_39
1.80E-05,104849,0.021989367,INDUCTION-4188-20201116-10_53_39
2.21E-05,107214,0.029765212,INDUCTION-4188-20201116-10_53_39
2.61E-05,109624,0.037689012,INDUCTION-4188-20201116-10_53_39
3.02E-05,112203,0.046168465,INDUCTION-4188-20201116-10_53_39
3.42E-05,114737,0.054499962,INDUCTION-4188-20201116-10_53_39
3.80E-05,117347,0.063081339,INDUCTION-4188-20201116-10_53_39
4.21E-05,120044,0.071948762,INDUCTION-4188-20201116-10_53_39
4.61E-05,122878,0.081266624,INDUCTION-4188-20201116-10_53_39
5.02E-05,125643,0.090357623,INDUCTION-4188-20201116-10_53_39
5.40E-05,128554,0.099928653,INDUCTION-4188-20201116-10_53_39
5.81E-05,131446,0.109437213,INDUCTION-4188-20201116-10_53_39
6.21E-05,134409,0.119179213,INDUCTION-4188-20201116-10_53_39
6.62E-05,137428,0.129105334,INDUCTION-4188-20201116-10_53_39
7.02E-05,140459,0.13907091,INDUCTION-4188-20201116-10_53_39
7.40E-05,143522,0.149141698,INDUCTION-4188-20201116-10_53_39
7.81E-05,146577,0.159186183,INDUCTION-4188-20201116-10_53_39
8.21E-05,149590,0.169092577,INDUCTION-4188-20201116-10_53_39
8.62E-05,152691,0.179288305,INDUCTION-4188-20201116-10_53_39
9.00E-05,155786,0.189464305,INDUCTION-4188-20201116-10_53_39
9.41E-05,158841,0.19950879,INDUCTION-4188-20201116-10_53_39
9.81E-05,161862,0.209441487,INDUCTION-4188-20201116-10_53_39
0.000102162,164794,0.219081563,INDUCTION-4188-20201116-10_53_39
0.000106215,167820,0.229030699,INDUCTION-4188-20201116-10_53_39
0.00011003,170754,0.23867735,INDUCTION-4188-20201116-10_53_39
0.000114083,173591,0.248005076,INDUCTION-4188-20201116-10_53_39
0.000118136,176418,0.257299924,INDUCTION-4188-20201116-10_53_39
0.000122189,179224,0.266525726,INDUCTION-4188-20201116-10_53_39
0.000126004,181894,0.275304376,INDUCTION-4188-20201116-10_53_39
0.000130057,184580,0.284135632,INDUCTION-4188-20201116-10_53_39
0.00013411,187216,0.292802494,INDUCTION-4188-20201116-10_53_39
0.000138163,189756,0.301153718,INDUCTION-4188-20201116-10_53_39
0.000142216,192265,0.309403019,INDUCTION-4188-20201116-10_53_39
0.000146031,194643,0.317221607,INDUCTION-4188-20201116-10_53_39
0.000150084,197023,0.32504677,INDUCTION-4188-20201116-10_53_39
0.000154137,199316,0.332585888,INDUCTION-4188-20201116-10_53_39
0.00015819,201531,0.33986855,INDUCTION-4188-20201116-10_53_39
0.000162005,203683,0.346944076,INDUCTION-4188-20201116-10_53_39
0.000166058,205820,0.353970284,INDUCTION-4188-20201116-10_53_39
0.000170111,207731,0.36025343,INDUCTION-4188-20201116-10_53_39
0.000174164,209714,0.366773304,INDUCTION-4188-20201116-10_53_39
0.000178217,211574,0.372888768,INDUCTION-4188-20201116-10_53_39
0.000182032,213471,0.379125883,INDUCTION-4188-20201116-10_53_39
0.000186085,215205,0.384827074,INDUCTION-4188-20201116-10_53_39
0.000190138,216888,0.390360582,INDUCTION-4188-20201116-10_53_39
0.000194192,218502,0.395667227,INDUCTION-4188-20201116-10_53_39
0.000198006,220155,0.401102099,INDUCTION-4188-20201116-10_53_39
0.000202059,221793,0.406487652,INDUCTION-4188-20201116-10_53_39
0.000206112,223231,0.411215629,INDUCTION-4188-20201116-10_53_39
0.000210166,224619,0.415779212,INDUCTION-4188-20201116-10_53_39
0.000214219,226067,0.420540068,INDUCTION-4188-20201116-10_53_39
0.000218033,227392,0.424896514,INDUCTION-4188-20201116-10_53_39
0.000222087,228738,0.429322005,INDUCTION-4188-20201116-10_53_39
0.00022614,229972,0.433379254,INDUCTION-4188-20201116-10_53_39
0.000230193,231178,0.437344442,INDUCTION-4188-20201116-10_53_39
0.000234007,232357,0.441220857,INDUCTION-4188-20201116-10_53_39
0.000238061,233493,0.444955893,INDUCTION-4188-20201116-10_53_39
0.000242114,234602,0.448602156,INDUCTION-4188-20201116-10_53_39
0.000246167,235699,0.452208965,INDUCTION-4188-20201116-10_53_39
0.00025022,236671,0.455404788,INDUCTION-4188-20201116-10_53_39
0.000254035,237726,0.458873505,INDUCTION-4188-20201116-10_53_39
0.000258088,238616,0.461799722,INDUCTION-4188-20201116-10_53_39
0.000262141,239630,0.465133636,INDUCTION-4188-20201116-10_53_39
0.000266194,240511,0.468030262,INDUCTION-4188-20201116-10_53_39
0.000270009,241371,0.470857842,INDUCTION-4188-20201116-10_53_39
0.000274062,242203,0.473593361,INDUCTION-4188-20201116-10_53_39
0.000278115,243028,0.476305865,INDUCTION-4188-20201116-10_53_39
0.000282168,243860,0.479041385,INDUCTION-4188-20201116-10_53_39
0.000286221,244584,0.481421812,INDUCTION-4188-20201116-10_53_39
0.000290036,245349,0.483937044,INDUCTION-4188-20201116-10_53_39
0.000294089,246089,0.486370078,INDUCTION-4188-20201116-10_53_39
0.000298142,246749,0.488540081,INDUCTION-4188-20201116-10_53_39
0.000302195,247441,0.490815297,INDUCTION-4188-20201116-10_53_39
0.00030601,248137,0.493103664,INDUCTION-4188-20201116-10_53_39
0.000310063,248713,0.494997485,INDUCTION-4188-20201116-10_53_39
0.000314116,249379,0.497187215,INDUCTION-4188-20201116-10_53_39
0.000318169,249982,0.499169809,INDUCTION-4188-20201116-10_53_39
0.000322222,250595,0.501185282,INDUCTION-4188-20201116-10_53_39
0.000326037,251128,0.502937724,INDUCTION-4188-20201116-10_53_39
0.00033009,251717,0.504874288,INDUCTION-4188-20201116-10_53_39
0.000334143,252127,0.50622232,INDUCTION-4188-20201116-10_53_39
0.000338196,252710,0.508139156,INDUCTION-4188-20201116-10_53_39
0.000342011,253320,0.510144766,INDUCTION-4188-20201116-10_53_39
0.000346064,253856,0.511907071,INDUCTION-4188-20201116-10_53_39
0.000350117,254301,0.51337018,INDUCTION-4188-20201116-10_53_39
0.00035417,254722,0.514754379,INDUCTION-4188-20201116-10_53_39
0.000358224,255208,0.51635229,INDUCTION-4188-20201116-10_53_39
0.000362038,255598,0.517634565,INDUCTION-4188-20201116-10_53_39
0.000366091,255996,0.518943143,INDUCTION-4188-20201116-10_53_39
0.000370144,256440,0.520402963,INDUCTION-4188-20201116-10_53_39
0.000374198,256825,0.521668798,INDUCTION-4188-20201116-10_53_39
0.000378012,257312,0.523269998,INDUCTION-4188-20201116-10_53_39
0.000382065,257639,0.524345136,INDUCTION-4188-20201116-10_53_39
0.000386118,258093,0.525837835,INDUCTION-4188-20201116-10_53_39
0.000390172,258421,0.526916261,INDUCTION-4188-20201116-10_53_39
0.000394225,258858,0.528353066,INDUCTION-4188-20201116-10_53_39
0.000398039,259091,0.529119143,INDUCTION-4188-20201116-10_53_39
0.000402093,259521,0.530532933,INDUCTION-4188-20201116-10_53_39
0.000406146,259809,0.531479844,INDUCTION-4188-20201116-10_53_39
0.000410199,260182,0.532706224,INDUCTION-4188-20201116-10_53_39
0.000414013,260462,0.533626832,INDUCTION-4188-20201116-10_53_39
0.000418067,260844,0.534882803,INDUCTION-4188-20201116-10_53_39
0.00042212,261109,0.535754093,INDUCTION-4188-20201116-10_53_39
0.000426173,261371,0.536615518,INDUCTION-4188-20201116-10_53_39
0.000430226,261633,0.537476944,INDUCTION-4188-20201116-10_53_39
0.000434041,261901,0.538358097,INDUCTION-4188-20201116-10_53_39
0.000438094,262240,0.539472689,INDUCTION-4188-20201116-10_53_39
0.000442147,262539,0.540455766,INDUCTION-4188-20201116-10_53_39
0.0004462,262718,0.541044298,INDUCTION-4188-20201116-10_53_39
0.000450015,263055,0.542152315,INDUCTION-4188-20201116-10_53_39
0.000454068,263315,0.543007164,INDUCTION-4188-20201116-10_53_39
0.000458121,263579,0.543875166,INDUCTION-4188-20201116-10_53_39
0.000462174,263731,0.544374924,INDUCTION-4188-20201116-10_53_39
0.000466227,264010,0.545292244,INDUCTION-4188-20201116-10_53_39
0.000470042,264259,0.546110927,INDUCTION-4188-20201116-10_53_39
0.000474095,264483,0.546847413,INDUCTION-4188-20201116-10_53_39
0.000478148,264622,0.547304428,INDUCTION-4188-20201116-10_53_39
0.000482201,264767,0.547781172,INDUCTION-4188-20201116-10_53_39
0.000486016,265143,0.549017416,INDUCTION-4188-20201116-10_53_39
0.000490069,265332,0.549638826,INDUCTION-4188-20201116-10_53_39
0.000494122,265467,0.55008269,INDUCTION-4188-20201116-10_53_39
0.000498175,265697,0.550838904,INDUCTION-4188-20201116-10_53_39
0.000502228,265755,0.551029601,INDUCTION-4188-20201116-10_53_39
0.000506043,266040,0.551966648,INDUCTION-4188-20201116-10_53_39
0.000510096,266223,0.55256833,INDUCTION-4188-20201116-10_53_39
0.000514149,266398,0.55314371,INDUCTION-4188-20201116-10_53_39
0.000518202,266577,0.553732241,INDUCTION-4188-20201116-10_53_39
0.000522017,266666,0.554024863,INDUCTION-4188-20201116-10_53_39
0.00052607,266878,0.554721894,INDUCTION-4188-20201116-10_53_39
0.000530123,267091,0.555422214,INDUCTION-4188-20201116-10_53_39
0.000534176,267288,0.556069927,INDUCTION-4188-20201116-10_53_39
0.000537991,267429,0.556533518,INDUCTION-4188-20201116-10_53_39
0.000542044,267633,0.557204247,INDUCTION-4188-20201116-10_53_39
0.000546097,267747,0.557579065,INDUCTION-4188-20201116-10_53_39
0.00055015,267893,0.558059096,INDUCTION-4188-20201116-10_53_39
0.000554204,267977,0.558335279,INDUCTION-4188-20201116-10_53_39
0.000558018,268120,0.558805446,INDUCTION-4188-20201116-10_53_39
0.000562071,268271,0.559301917,INDUCTION-4188-20201116-10_53_39
0.000566125,268458,0.559916751,INDUCTION-4188-20201116-10_53_39
0.000570178,268590,0.560350751,INDUCTION-4188-20201116-10_53_39
0.000573992,268680,0.560646661,INDUCTION-4188-20201116-10_53_39
0.000578045,268771,0.560945858,INDUCTION-4188-20201116-10_53_39
0.000582099,268906,0.561389723,INDUCTION-4188-20201116-10_53_39
0.000586152,269022,0.561771117,INDUCTION-4188-20201116-10_53_39
0.000590205,269181,0.562293891,INDUCTION-4188-20201116-10_53_39
0.000594019,269237,0.562478012,INDUCTION-4188-20201116-10_53_39
0.000598073,269376,0.562935028,INDUCTION-4188-20201116-10_53_39
0.000602126,269464,0.563224362,INDUCTION-4188-20201116-10_53_39
0.000606179,269620,0.563737272,INDUCTION-4188-20201116-10_53_39
0.000609994,269645,0.563819469,INDUCTION-4188-20201116-10_53_39
0.000614047,269745,0.564148257,INDUCTION-4188-20201116-10_53_39
0.0006181,270020,0.565052425,INDUCTION-4188-20201116-10_53_39
0.000622153,270006,0.565006395,INDUCTION-4188-20201116-10_53_39
0.000626206,270090,0.565282577,INDUCTION-4188-20201116-10_53_39
0.000630021,270177,0.565568623,INDUCTION-4188-20201116-10_53_39
0.000634074,270280,0.565907275,INDUCTION-4188-20201116-10_53_39
0.000638127,270390,0.566268942,INDUCTION-4188-20201116-10_53_39
0.00064218,270535,0.566745685,INDUCTION-4188-20201116-10_53_39
0.000645995,270509,0.5666602,INDUCTION-4188-20201116-10_53_39
0.000650048,270683,0.567232292,INDUCTION-4188-20201116-10_53_39
0.000654101,270685,0.567238868,INDUCTION-4188-20201116-10_53_39
0.000658154,270835,0.567732051,INDUCTION-4188-20201116-10_53_39
0.000662207,270979,0.568205506,INDUCTION-4188-20201116-10_53_39
0.000666022,270920,0.568011521,INDUCTION-4188-20201116-10_53_39
0.000670075,271043,0.56841593,INDUCTION-4188-20201116-10_53_39
0.000674128,271111,0.568639507,INDUCTION-4188-20201116-10_53_39
0.000678181,271178,0.568859795,INDUCTION-4188-20201116-10_53_39
0.000681996,271320,0.569326674,INDUCTION-4188-20201116-10_53_39
0.000686049,271253,0.569106386,INDUCTION-4188-20201116-10_53_39
0.000690102,271400,0.569589705,INDUCTION-4188-20201116-10_53_39
0.000694155,271394,0.569569978,INDUCTION-4188-20201116-10_53_39
0.000698208,271447,0.569744236,INDUCTION-4188-20201116-10_53_39
0.000702023,271576,0.570168373,INDUCTION-4188-20201116-10_53_39
0.000706076,271504,0.569931645,INDUCTION-4188-20201116-10_53_39
0.000710129,271652,0.570418252,INDUCTION-4188-20201116-10_53_39
0.000714182,271684,0.570523464,INDUCTION-4188-20201116-10_53_39
0.000717997,271812,0.570944313,INDUCTION-4188-20201116-10_53_39
0.00072205,271772,0.570812798,INDUCTION-4188-20201116-10_53_39
0.000726103,271805,0.570921298,INDUCTION-4188-20201116-10_53_39
0.000730157,271902,0.571240223,INDUCTION-4188-20201116-10_53_39
0.00073421,271974,0.57147695,INDUCTION-4188-20201116-10_53_39
0.000738024,272086,0.571845193,INDUCTION-4188-20201116-10_53_39
0.000742077,272071,0.571795875,INDUCTION-4188-20201116-10_53_39
0.000746131,272146,0.572042466,INDUCTION-4188-20201116-10_53_39
0.000750184,272227,0.572308785,INDUCTION-4188-20201116-10_53_39
0.000753998,272298,0.572542225,INDUCTION-4188-20201116-10_53_39
0.000758051,272259,0.572413997,INDUCTION-4188-20201116-10_53_39
0.000762105,272276,0.572469891,INDUCTION-4188-20201116-10_53_39
0.000766158,272406,0.572897316,INDUCTION-4188-20201116-10_53_39
0.000770211,272385,0.572828271,INDUCTION-4188-20201116-10_53_39
0.000774026,272425,0.572959786,INDUCTION-4188-20201116-10_53_39
0.000778079,272475,0.57312418,INDUCTION-4188-20201116-10_53_39
0.000782132,272519,0.573268847,INDUCTION-4188-20201116-10_53_39
0.000786185,272519,0.573268847,INDUCTION-4188-20201116-10_53_39
0.00079,272497,0.573196514,INDUCTION-4188-20201116-10_53_39
0.000794053,272492,0.573180074,INDUCTION-4188-20201116-10_53_39
0.000798106,272590,0.573502287,INDUCTION-4188-20201116-10_53_39
0.000802159,272605,0.573551605,INDUCTION-4188-20201116-10_53_39
0.000806212,272597,0.573525302,INDUCTION-4188-20201116-10_53_39
0.000810027,272664,0.57374559,INDUCTION-4188-20201116-10_53_39
0.00081408,272698,0.573857378,INDUCTION-4188-20201116-10_53_39
0.000818133,272774,0.574107257,INDUCTION-4188-20201116-10_53_39
0.000822186,272658,0.573725863,INDUCTION-4188-20201116-10_53_39
0.000826001,272809,0.574222333,INDUCTION-4188-20201116-10_53_39
0.000830054,272811,0.574228909,INDUCTION-4188-20201116-10_53_39
0.000834107,272768,0.57408753,INDUCTION-4188-20201116-10_53_39
0.00083816,272882,0.574462349,INDUCTION-4188-20201116-10_53_39
0.000842213,272928,0.574613591,INDUCTION-4188-20201116-10_53_39
0.000846028,272856,0.574376864,INDUCTION-4188-20201116-10_53_39
0.000850081,272950,0.574685925,INDUCTION-4188-20201116-10_53_39
0.000854134,272884,0.574468925,INDUCTION-4188-20201116-10_53_39
0.000858187,272869,0.574419606,INDUCTION-4188-20201116-10_53_39
0.000862002,272971,0.57475497,INDUCTION-4188-20201116-10_53_39
0.000866055,272966,0.574738531,INDUCTION-4188-20201116-10_53_39
0.000870108,272982,0.574791137,INDUCTION-4188-20201116-10_53_39
0.000874161,273071,0.575083759,INDUCTION-4188-20201116-10_53_39
0.000878214,272937,0.574643182,INDUCTION-4188-20201116-10_53_39
0.000882029,273062,0.575054168,INDUCTION-4188-20201116-10_53_39
0.000886082,273052,0.575021289,INDUCTION-4188-20201116-10_53_39
0.000890135,272950,0.574685925,INDUCTION-4188-20201116-10_53_39
0.000894188,273008,0.574876622,INDUCTION-4188-20201116-10_53_39
0.000898003,273027,0.574939092,INDUCTION-4188-20201116-10_53_39
0.000902056,273009,0.57487991,INDUCTION-4188-20201116-10_53_39
0.000906109,272979,0.574781274,INDUCTION-4188-20201116-10_53_39
0.000910163,273024,0.574929228,INDUCTION-4188-20201116-10_53_39
0.000914216,273079,0.575110062,INDUCTION-4188-20201116-10_53_39
0.00091803,273070,0.575080471,INDUCTION-4188-20201116-10_53_39
0.000922083,273134,0.575290896,INDUCTION-4188-20201116-10_53_39
0.000926137,273024,0.574929228,INDUCTION-4188-20201116-10_53_39
0.00093019,273088,0.575139653,INDUCTION-4188-20201116-10_53_39
0.000934004,273130,0.575277744,INDUCTION-4188-20201116-10_53_39
0.000938058,273055,0.575031153,INDUCTION-4188-20201116-10_53_39
0.000942111,273063,0.575057456,INDUCTION-4188-20201116-10_53_39
0.000946164,273125,0.575261305,INDUCTION-4188-20201116-10_53_39
0.000950217,273020,0.574916077,INDUCTION-4188-20201116-10_53_39
0.000954032,273086,0.575133077,INDUCTION-4188-20201116-10_53_39
0.000958085,273072,0.575087047,INDUCTION-4188-20201116-10_53_39
0.000962138,273027,0.574939092,INDUCTION-4188-20201116-10_53_39
0.000966191,273055,0.575031153,INDUCTION-4188-20201116-10_53_39
0.000970006,273029,0.574945668,INDUCTION-4188-20201116-10_53_39
0.000974059,273070,0.575080471,INDUCTION-4188-20201116-10_53_39
0.000978112,273006,0.574870046,INDUCTION-4188-20201116-10_53_39
0.000982169,273021,0.574919365,INDUCTION-4188-20201116-10_53_39
0.000986219,273078,0.575106774,INDUCTION-4188-20201116-10_53_39
0.000990029,272983,0.574794425,INDUCTION-4188-20201116-10_53_39
0.000994089,272982,0.574791137,INDUCTION-4188-20201116-10_53_39
0.000998139,272918,0.574580713,INDUCTION-4188-20201116-10_53_39
0.001038189,272935,0.574636607,INDUCTION-4188-20201116-10_53_39
0.001078009,272781,0.574130273,INDUCTION-4188-20201116-10_53_39
0.001118059,272591,0.573505575,INDUCTION-4188-20201116-10_53_39
0.001158119,272388,0.572838134,INDUCTION-4188-20201116-10_53_39
0.001198169,272108,0.571917527,INDUCTION-4188-20201116-10_53_39
0.001238229,271888,0.571194192,INDUCTION-4188-20201116-10_53_39
0.001278039,271563,0.57012563,INDUCTION-4188-20201116-10_53_39
0.001318099,271237,0.56905378,INDUCTION-4188-20201116-10_53_39
0.001358149,270949,0.568106869,INDUCTION-4188-20201116-10_53_39
0.001398209,270623,0.567035019,INDUCTION-4188-20201116-10_53_39
0.001438019,270302,0.565979609,INDUCTION-4188-20201116-10_53_39
0.001478079,270010,0.565019546,INDUCTION-4188-20201116-10_53_39
0.001518129,269734,0.564112091,INDUCTION-4188-20201116-10_53_39
0.001558189,269419,0.563076407,INDUCTION-4188-20201116-10_53_39
0.001597999,269144,0.562172239,INDUCTION-4188-20201116-10_53_39
0.001638059,268880,0.561304238,INDUCTION-4188-20201116-10_53_39
0.001678109,268622,0.560455964,INDUCTION-4188-20201116-10_53_39
0.001718159,268409,0.559755644,INDUCTION-4188-20201116-10_53_39
0.001758219,268180,0.559002719,INDUCTION-4188-20201116-10_53_39
0.001798029,267993,0.558387885,INDUCTION-4188-20201116-10_53_39
0.001838089,267827,0.557842096,INDUCTION-4188-20201116-10_53_39
0.001878139,267674,0.55733905,INDUCTION-4188-20201116-10_53_39
0.001918199,267549,0.556928064,INDUCTION-4188-20201116-10_53_39
0.001958009,267440,0.556569685,INDUCTION-4188-20201116-10_53_39
0.001998069,267377,0.556362548,INDUCTION-4188-20201116-10_53_39
0.002038119,267304,0.556122533,INDUCTION-4188-20201116-10_53_39
0.002078179,267276,0.556030472,INDUCTION-4188-20201116-10_53_39
0.002117989,267256,0.555964714,INDUCTION-4188-20201116-10_53_39
0.002158049,267286,0.556063351,INDUCTION-4188-20201116-10_53_39
0.002198099,267308,0.556135684,INDUCTION-4188-20201116-10_53_39
0.002238159,267401,0.556441458,INDUCTION-4188-20201116-10_53_39
0.002278209,267460,0.556635443,INDUCTION-4188-20201116-10_53_39
0.002318029,267535,0.556882034,INDUCTION-4188-20201116-10_53_39
0.002358079,267666,0.557312747,INDUCTION-4188-20201116-10_53_39
0.002398129,267796,0.557740172,INDUCTION-4188-20201116-10_53_39
0.002438189,267968,0.558305688,INDUCTION-4188-20201116-10_53_39
0.002477999,268127,0.558828461,INDUCTION-4188-20201116-10_53_39
0.002518059,268341,0.559532068,INDUCTION-4188-20201116-10_53_39
0.002558109,268561,0.560255403,INDUCTION-4188-20201116-10_53_39
0.002598169,268785,0.560991889,INDUCTION-4188-20201116-10_53_39
0.002638219,269024,0.561777693,INDUCTION-4188-20201116-10_53_39
0.002678039,269282,0.562625967,INDUCTION-4188-20201116-10_53_39
0.002718089,269528,0.563434786,INDUCTION-4188-20201116-10_53_39
0.002758149,269831,0.564431015,INDUCTION-4188-20201116-10_53_39
0.002798199,270147,0.565469987,INDUCTION-4188-20201116-10_53_39
0.002838019,270434,0.566413609,INDUCTION-4188-20201116-10_53_39
0.002878069,270767,0.567508475,INDUCTION-4188-20201116-10_53_39
0.002918119,271087,0.568560597,INDUCTION-4188-20201116-10_53_39
0.002958179,271417,0.569645599,INDUCTION-4188-20201116-10_53_39
0.002997999,271770,0.570806222,INDUCTION-4188-20201116-10_53_39
0.003038049,272178,0.572147679,INDUCTION-4188-20201116-10_53_39
0.003078099,272519,0.573268847,INDUCTION-4188-20201116-10_53_39
0.003118159,272897,0.574511667,INDUCTION-4188-20201116-10_53_39
0.003158209,273291,0.575807093,INDUCTION-4188-20201116-10_53_39
0.003198029,273644,0.576967716,INDUCTION-4188-20201116-10_53_39
0.003238079,274057,0.578325612,INDUCTION-4188-20201116-10_53_39
0.003278139,274457,0.579640766,INDUCTION-4188-20201116-10_53_39
0.003318189,274886,0.581051268,INDUCTION-4188-20201116-10_53_39
0.003358009,275269,0.582310527,INDUCTION-4188-20201116-10_53_39
0.003398059,275663,0.583605954,INDUCTION-4188-20201116-10_53_39
0.003438119,276112,0.585082214,INDUCTION-4188-20201116-10_53_39
0.003478169,276530,0.586456549,INDUCTION-4188-20201116-10_53_39
0.003518219,276948,0.587830884,INDUCTION-4188-20201116-10_53_39
0.003558039,277359,0.589182205,INDUCTION-4188-20201116-10_53_39
0.003598089,277793,0.590609146,INDUCTION-4188-20201116-10_53_39
0.003638149,278214,0.591993345,INDUCTION-4188-20201116-10_53_39
0.003678199,278646,0.593413711,INDUCTION-4188-20201116-10_53_39
0.003718019,279046,0.594728865,INDUCTION-4188-20201116-10_53_39
0.003758069,279493,0.596198549,INDUCTION-4188-20201116-10_53_39
0.003798129,279911,0.597572884,INDUCTION-4188-20201116-10_53_39
0.003838179,280335,0.598966947,INDUCTION-4188-20201116-10_53_39
0.003877999,280720,0.600232782,INDUCTION-4188-20201116-10_53_39
0.003918049,281168,0.601705754,INDUCTION-4188-20201116-10_53_39
0.003958109,281599,0.603122832,INDUCTION-4188-20201116-10_53_39
0.003998159,282008,0.604467577,INDUCTION-4188-20201116-10_53_39
0.004038219,282421,0.605825473,INDUCTION-4188-20201116-10_53_39
0.004078029,282833,0.607180081,INDUCTION-4188-20201116-10_53_39
0.004118089,283250,0.608551128,INDUCTION-4188-20201116-10_53_39
0.004158139,283624,0.609780797,INDUCTION-4188-20201116-10_53_39
0.004198189,284042,0.611155132,INDUCTION-4188-20201116-10_53_39
0.004238009,284432,0.612437407,INDUCTION-4188-20201116-10_53_39
0.004278059,284817,0.613703242,INDUCTION-4188-20201116-10_53_39
0.004318119,285233,0.615071002,INDUCTION-4188-20201116-10_53_39
0.004358169,285631,0.61637958,INDUCTION-4188-20201116-10_53_39
0.004398229,286008,0.617619112,INDUCTION-4188-20201116-10_53_39
0.004438039,286406,0.61892769,INDUCTION-4188-20201116-10_53_39
0.004478099,286797,0.620213252,INDUCTION-4188-20201116-10_53_39
0.004518149,287152,0.621380451,INDUCTION-4188-20201116-10_53_39
0.004558209,287520,0.622590392,INDUCTION-4188-20201116-10_53_39
0.004598019,287898,0.623833212,INDUCTION-4188-20201116-10_53_39
0.004638079,288241,0.624960956,INDUCTION-4188-20201116-10_53_39
0.004678129,288592,0.626115004,INDUCTION-4188-20201116-10_53_39
0.004718189,288980,0.627390703,INDUCTION-4188-20201116-10_53_39
0.004757999,289314,0.628488856,INDUCTION-4188-20201116-10_53_39
0.004798059,289641,0.629563994,INDUCTION-4188-20201116-10_53_39
0.004838109,289981,0.630681874,INDUCTION-4188-20201116-10_53_39
0.004878159,290331,0.631832634,INDUCTION-4188-20201116-10_53_39
0.004918219,290646,0.632868317,INDUCTION-4188-20201116-10_53_39
0.004958029,291028,0.634124289,INDUCTION-4188-20201116-10_53_39
0.004998089,291347,0.635173124,INDUCTION-4188-20201116-10_53_39
0.005038139,291644,0.636149625,INDUCTION-4188-20201116-10_53_39
0.005078199,291933,0.637099823,INDUCTION-4188-20201116-10_53_39
0.005118009,292276,0.638227568,INDUCTION-4188-20201116-10_53_39
0.005158069,292600,0.639292842,INDUCTION-4188-20201116-10_53_39
0.005198119,292867,0.640170707,INDUCTION-4188-20201116-10_53_39
0.005238179,293184,0.641212966,INDUCTION-4188-20201116-10_53_39
0.005277989,293466,0.642140149,INDUCTION-4188-20201116-10_53_39
0.005318049,293800,0.643238303,INDUCTION-4188-20201116-10_53_39
0.005358099,294047,0.64405041,INDUCTION-4188-20201116-10_53_39
0.005398149,294330,0.644980881,INDUCTION-4188-20201116-10_53_39
0.005438209,294613,0.645911352,INDUCTION-4188-20201116-10_53_39
0.005478029,294926,0.64694046,INDUCTION-4188-20201116-10_53_39
0.005518079,295190,0.647808461,INDUCTION-4188-20201116-10_53_39
0.005558129,295476,0.648748796,INDUCTION-4188-20201116-10_53_39
0.005598189,295740,0.649616797,INDUCTION-4188-20201116-10_53_39
0.005637999,295976,0.650392738,INDUCTION-4188-20201116-10_53_39
0.005678059,296265,0.651342936,INDUCTION-4188-20201116-10_53_39
0.005718109,296529,0.652210937,INDUCTION-4188-20201116-10_53_39
0.005758169,296749,0.652934272,INDUCTION-4188-20201116-10_53_39
0.005798219,296994,0.653739803,INDUCTION-4188-20201116-10_53_39
0.005838039,297259,0.654611093,INDUCTION-4188-20201116-10_53_39
0.005878089,297507,0.655426488,INDUCTION-4188-20201116-10_53_39
0.005918149,297738,0.656185989,INDUCTION-4188-20201116-10_53_39
0.005958199,297986,0.657001384,INDUCTION-4188-20201116-10_53_39
0.005998019,298221,0.657774037,INDUCTION-4188-20201116-10_53_39
0.006038069,298463,0.658569705,INDUCTION-4188-20201116-10_53_39
0.006078119,298679,0.659279888,INDUCTION-4188-20201116-10_53_39
0.006118179,298902,0.660013086,INDUCTION-4188-20201116-10_53_39
0.006157989,299124,0.660742996,INDUCTION-4188-20201116-10_53_39
0.006198049,299379,0.661581406,INDUCTION-4188-20201116-10_53_39
0.006238099,299606,0.662327756,INDUCTION-4188-20201116-10_53_39
0.006278159,299792,0.662939302,INDUCTION-4188-20201116-10_53_39
0.006318209,300069,0.663850046,INDUCTION-4188-20201116-10_53_39
0.006358029,300254,0.664458305,INDUCTION-4188-20201116-10_53_39
0.006398079,300492,0.665240821,INDUCTION-4188-20201116-10_53_39
0.006438139,300696,0.665911549,INDUCTION-4188-20201116-10_53_39
0.006478189,300918,0.66664146,INDUCTION-4188-20201116-10_53_39
0.006518009,301142,0.667377946,INDUCTION-4188-20201116-10_53_39
0.006558059,301336,0.668015795,INDUCTION-4188-20201116-10_53_39
0.006598119,301558,0.668745705,INDUCTION-4188-20201116-10_53_39
0.006638169,301738,0.669337524,INDUCTION-4188-20201116-10_53_39
0.006678219,301949,0.670031268,INDUCTION-4188-20201116-10_53_39
0.006718039,302170,0.67075789,INDUCTION-4188-20201116-10_53_39
0.006758089,302365,0.671399027,INDUCTION-4188-20201116-10_53_39
0.006798149,302545,0.671990847,INDUCTION-4188-20201116-10_53_39
0.006838199,302788,0.672789802,INDUCTION-4188-20201116-10_53_39
0.006878019,302969,0.673384909,INDUCTION-4188-20201116-10_53_39
0.006918069,303207,0.674167426,INDUCTION-4188-20201116-10_53_39
0.006958129,303340,0.674604714,INDUCTION-4188-20201116-10_53_39
0.006998179,303566,0.675347776,INDUCTION-4188-20201116-10_53_39
0.007037999,303782,0.676057959,INDUCTION-4188-20201116-10_53_39
0.007078049,303952,0.676616899,INDUCTION-4188-20201116-10_53_39
0.007118109,304139,0.677231733,INDUCTION-4188-20201116-10_53_39
0.007158159,304350,0.677925477,INDUCTION-4188-20201116-10_53_39
0.007198219,304556,0.678602781,INDUCTION-4188-20201116-10_53_39
0.007238029,304718,0.679135418,INDUCTION-4188-20201116-10_53_39
0.007278089,304936,0.679852177,INDUCTION-4188-20201116-10_53_39
0.007318139,305124,0.680470299,INDUCTION-4188-20201116-10_53_39
0.007358189,305278,0.680976633,INDUCTION-4188-20201116-10_53_39
0.007398009,305491,0.681676952,INDUCTION-4188-20201116-10_53_39
0.007438059,305689,0.682327953,INDUCTION-4188-20201116-10_53_39
0.007478119,305879,0.682952651,INDUCTION-4188-20201116-10_53_39
0.007518169,306079,0.683610228,INDUCTION-4188-20201116-10_53_39
0.007558229,306241,0.684142865,INDUCTION-4188-20201116-10_53_39
0.007598039,306422,0.684737972,INDUCTION-4188-20201116-10_53_39
0.007638099,306664,0.68553364,INDUCTION-4188-20201116-10_53_39
0.007678149,306816,0.686033398,INDUCTION-4188-20201116-10_53_39
0.007718209,306987,0.686595626,INDUCTION-4188-20201116-10_53_39
0.007758019,307186,0.687249915,INDUCTION-4188-20201116-10_53_39
0.007798079,307388,0.687914068,INDUCTION-4188-20201116-10_53_39
0.007838129,307571,0.688515751,INDUCTION-4188-20201116-10_53_39
0.007878179,307769,0.689166752,INDUCTION-4188-20201116-10_53_39
0.007917999,307918,0.689656646,INDUCTION-4188-20201116-10_53_39
0.007958059,308117,0.690310935,INDUCTION-4188-20201116-10_53_39
0.007998109,308271,0.690817269,INDUCTION-4188-20201116-10_53_39
0.008038159,308496,0.691557043,INDUCTION-4188-20201116-10_53_39
0.008078219,308673,0.692138999,INDUCTION-4188-20201116-10_53_39
0.008118029,308829,0.692651908,INDUCTION-4188-20201116-10_53_39
0.008158089,309069,0.693441001,INDUCTION-4188-20201116-10_53_39
0.008198139,309214,0.693917744,INDUCTION-4188-20201116-10_53_39
0.008238199,309422,0.694601624,INDUCTION-4188-20201116-10_53_39
0.008278009,309612,0.695226321,INDUCTION-4188-20201116-10_53_39
0.008318069,309824,0.695923353,INDUCTION-4188-20201116-10_53_39
0.008358119,309956,0.696357354,INDUCTION-4188-20201116-10_53_39
0.008398179,310145,0.696978764,INDUCTION-4188-20201116-10_53_39
0.008437989,310348,0.697646204,INDUCTION-4188-20201116-10_53_39
0.008478049,310513,0.698188705,INDUCTION-4188-20201116-10_53_39
0.008518099,310742,0.69894163,INDUCTION-4188-20201116-10_53_39
0.008558149,310890,0.699428237,INDUCTION-4188-20201116-10_53_39
0.008598209,311061,0.699990465,INDUCTION-4188-20201116-10_53_39
0.008638019,311299,0.700772981,INDUCTION-4188-20201116-10_53_39
0.008678079,311456,0.701289179,INDUCTION-4188-20201116-10_53_39
0.008718129,311633,0.701871135,INDUCTION-4188-20201116-10_53_39
0.008758189,311834,0.702531999,INDUCTION-4188-20201116-10_53_39
0.008797999,311995,0.703061349,INDUCTION-4188-20201116-10_53_39
0.008838059,312190,0.703702486,INDUCTION-4188-20201116-10_53_39
0.008878109,312371,0.704297593,INDUCTION-4188-20201116-10_53_39
0.008918169,312557,0.704909139,INDUCTION-4188-20201116-10_53_39
0.008958219,312736,0.705497671,INDUCTION-4188-20201116-10_53_39
0.008998039,312898,0.706030308,INDUCTION-4188-20201116-10_53_39
0.009038089,313108,0.706720763,INDUCTION-4188-20201116-10_53_39
0.009078149,313274,0.707266552,INDUCTION-4188-20201116-10_53_39
0.009118199,313482,0.707950432,INDUCTION-4188-20201116-10_53_39
0.009158019,313619,0.708400872,INDUCTION-4188-20201116-10_53_39
0.009198069,313844,0.709140646,INDUCTION-4188-20201116-10_53_39
0.009238119,314011,0.709689722,INDUCTION-4188-20201116-10_53_39
0.009278179,314212,0.710350587,INDUCTION-4188-20201116-10_53_39
0.009317989,314376,0.7108898,INDUCTION-4188-20201116-10_53_39
0.009358049,314559,0.711491483,INDUCTION-4188-20201116-10_53_39
0.009398099,314740,0.71208659,INDUCTION-4188-20201116-10_53_39
0.009438159,314911,0.712648818,INDUCTION-4188-20201116-10_53_39
0.009478209,315084,0.713217622,INDUCTION-4188-20201116-10_53_39
0.009518029,315277,0.713852183,INDUCTION-4188-20201116-10_53_39
0.009558079,315439,0.71438482,INDUCTION-4188-20201116-10_53_39
0.009598139,315638,0.715039109,INDUCTION-4188-20201116-10_53_39
0.009638189,315834,0.715683535,INDUCTION-4188-20201116-10_53_39
0.009678009,315989,0.716193157,INDUCTION-4188-20201116-10_53_39
0.009718059,316163,0.716765248,INDUCTION-4188-20201116-10_53_39
0.009758119,316354,0.717393234,INDUCTION-4188-20201116-10_53_39
0.009798169,316561,0.718073826,INDUCTION-4188-20201116-10_53_39
0.009838219,316707,0.718553857,INDUCTION-4188-20201116-10_53_39
0.009878039,316864,0.719070055,INDUCTION-4188-20201116-10_53_39
0.009918089,317050,0.719681601,INDUCTION-4188-20201116-10_53_39
0.009958149,317232,0.720279996,INDUCTION-4188-20201116-10_53_39
0.009998199,317413,0.720875103,INDUCTION-4188-20201116-10_53_39
0.010397999,318374,0.72403476,INDUCTION-4188-20201116-10_53_39
0.010798099,320088,0.729670192,INDUCTION-4188-20201116-10_53_39
0.011198199,321737,0.735091913,INDUCTION-4188-20201116-10_53_39
0.011598199,323332,0.740336087,INDUCTION-4188-20201116-10_53_39
0.011998099,324859,0.745356686,INDUCTION-4188-20201116-10_53_39
0.012398099,326309,0.750124118,INDUCTION-4188-20201116-10_53_39
0.012798199,327685,0.754648246,INDUCTION-4188-20201116-10_53_39
0.013197999,329001,0.758975101,INDUCTION-4188-20201116-10_53_39
0.013598099,330237,0.763038925,INDUCTION-4188-20201116-10_53_39
0.013998199,331394,0.766843007,INDUCTION-4188-20201116-10_53_39
0.014398199,332488,0.770439952,INDUCTION-4188-20201116-10_53_39
0.014797999,333515,0.773816608,INDUCTION-4188-20201116-10_53_39
0.015198099,334483,0.77699928,INDUCTION-4188-20201116-10_53_39
0.015598199,335390,0.779981391,INDUCTION-4188-20201116-10_53_39
0.015997999,336242,0.782782668,INDUCTION-4188-20201116-10_53_39
0.016398099,337034,0.785386672,INDUCTION-4188-20201116-10_53_39
0.016798099,337798,0.787898615,INDUCTION-4188-20201116-10_53_39
0.017198199,338492,0.790180406,INDUCTION-4188-20201116-10_53_39
0.017597999,339166,0.79239644,INDUCTION-4188-20201116-10_53_39
0.017998099,339789,0.794444791,INDUCTION-4188-20201116-10_53_39
0.018398199,340383,0.796397794,INDUCTION-4188-20201116-10_53_39
0.018797999,340934,0.798209418,INDUCTION-4188-20201116-10_53_39
0.019198099,341457,0.799928982,INDUCTION-4188-20201116-10_53_39
0.019598099,341954,0.80156306,INDUCTION-4188-20201116-10_53_39
0.019998199,342421,0.803098502,INDUCTION-4188-20201116-10_53_39
0.020397999,342858,0.804535307,INDUCTION-4188-20201116-10_53_39
0.020798099,343289,0.805952385,INDUCTION-4188-20201116-10_53_39
0.021198199,343687,0.807260963,INDUCTION-4188-20201116-10_53_39
0.021598199,344067,0.808510358,INDUCTION-4188-20201116-10_53_39
0.021997999,344430,0.80970386,INDUCTION-4188-20201116-10_53_39
0.022398099,344778,0.810848044,INDUCTION-4188-20201116-10_53_39
0.022798199,345106,0.81192647,INDUCTION-4188-20201116-10_53_39
0.023197999,345415,0.812942426,INDUCTION-4188-20201116-10_53_39
0.023598099,345710,0.813912352,INDUCTION-4188-20201116-10_53_39
0.023998099,345999,0.81486255,INDUCTION-4188-20201116-10_53_39
0.024398199,346279,0.815783157,INDUCTION-4188-20201116-10_53_39
0.024797999,346540,0.816641295,INDUCTION-4188-20201116-10_53_39
0.025198099,346790,0.817463266,INDUCTION-4188-20201116-10_53_39
0.025598199,347036,0.818272086,INDUCTION-4188-20201116-10_53_39
0.025997999,347263,0.819018435,INDUCTION-4188-20201116-10_53_39
0.026398099,347493,0.819774648,INDUCTION-4188-20201116-10_53_39
0.026798099,347709,0.820484831,INDUCTION-4188-20201116-10_53_39
0.027198199,347920,0.821178575,INDUCTION-4188-20201116-10_53_39
0.027597999,348120,0.821836152,INDUCTION-4188-20201116-10_53_39
0.027998099,348317,0.822483865,INDUCTION-4188-20201116-10_53_39
0.028398199,348498,0.823078972,INDUCTION-4188-20201116-10_53_39
0.028798199,348692,0.823716821,INDUCTION-4188-20201116-10_53_39
0.029198099,348859,0.824265898,INDUCTION-4188-20201116-10_53_39
0.029598099,349032,0.824834702,INDUCTION-4188-20201116-10_53_39
0.029998199,349208,0.825413369,INDUCTION-4188-20201116-10_53_39
0.030397999,349362,0.825919703,INDUCTION-4188-20201116-10_53_39
0.030798099,349524,0.82645234,INDUCTION-4188-20201116-10_53_39
0.031198099,349692,0.827004705,INDUCTION-4188-20201116-10_53_39
0.031598199,349840,0.827491312,INDUCTION-4188-20201116-10_53_39
0.031997999,349985,0.827968055,INDUCTION-4188-20201116-10_53_39
0.032398099,350139,0.828474389,INDUCTION-4188-20201116-10_53_39
0.032798199,350285,0.82895442,INDUCTION-4188-20201116-10_53_39
0.033197999,350420,0.829398284,INDUCTION-4188-20201116-10_53_39
0.033598099,350563,0.829868452,INDUCTION-4188-20201116-10_53_39
0.033998099,350709,0.830348483,INDUCTION-4188-20201116-10_53_39
0.034398199,350840,0.830779196,INDUCTION-4188-20201116-10_53_39
0.034797999,350974,0.831219772,INDUCTION-4188-20201116-10_53_39
0.035198099,351104,0.831647197,INDUCTION-4188-20201116-10_53_39
0.035598199,351235,0.83207791,INDUCTION-4188-20201116-10_53_39
0.035998199,351369,0.832518486,INDUCTION-4188-20201116-10_53_39
0.036398099,351497,0.832939335,INDUCTION-4188-20201116-10_53_39
0.036798099,351628,0.833370048,INDUCTION-4188-20201116-10_53_39
0.037198199,351749,0.833767882,INDUCTION-4188-20201116-10_53_39
0.037597999,351885,0.834215034,INDUCTION-4188-20201116-10_53_39
0.037998099,352002,0.834599717,INDUCTION-4188-20201116-10_53_39
0.038398099,352129,0.835017278,INDUCTION-4188-20201116-10_53_39
0.038798199,352258,0.835441415,INDUCTION-4188-20201116-10_53_39
0.039197999,352394,0.835888567,INDUCTION-4188-20201116-10_53_39
0.039598099,352515,0.836286401,INDUCTION-4188-20201116-10_53_39
0.039998199,352646,0.836717114,INDUCTION-4188-20201116-10_53_39
0.040397999,352772,0.837131387,INDUCTION-4188-20201116-10_53_39
0.040798099,352890,0.837519357,INDUCTION-4188-20201116-10_53_39
0.041198099,353036,0.837999388,INDUCTION-4188-20201116-10_53_39
0.041598199,353162,0.838413662,INDUCTION-4188-20201116-10_53_39
0.041997999,353277,0.838791768,INDUCTION-4188-20201116-10_53_39
0.042398099,353415,0.839245496,INDUCTION-4188-20201116-10_53_39
0.042798199,353556,0.839709088,INDUCTION-4188-20201116-10_53_39
0.043198199,353677,0.840106922,INDUCTION-4188-20201116-10_53_39
0.043598099,353811,0.840547498,INDUCTION-4188-20201116-10_53_39
0.043998099,353941,0.840974923,INDUCTION-4188-20201116-10_53_39
0.044398199,354084,0.841445091,INDUCTION-4188-20201116-10_53_39
0.044797999,354214,0.841872516,INDUCTION-4188-20201116-10_53_39
0.045198099,354358,0.842345971,INDUCTION-4188-20201116-10_53_39
0.045598099,354501,0.842816138,INDUCTION-4188-20201116-10_53_39
0.045998199,354639,0.843269866,INDUCTION-4188-20201116-10_53_39
0.046397999,354793,0.8437762,INDUCTION-4188-20201116-10_53_39
0.046798099,354933,0.844236504,INDUCTION-4188-20201116-10_53_39
0.047198199,355087,0.844742838,INDUCTION-4188-20201116-10_53_39
0.047597999,355228,0.84520643,INDUCTION-4188-20201116-10_53_39
0.047998099,355375,0.845689749,INDUCTION-4188-20201116-10_53_39
0.048398099,355532,0.846205946,INDUCTION-4188-20201116-10_53_39
0.048798199,355689,0.846722144,INDUCTION-4188-20201116-10_53_39
0.049197999,355846,0.847238342,INDUCTION-4188-20201116-10_53_39
0.049598099,356010,0.847777555,INDUCTION-4188-20201116-10_53_39
0.049998199,356175,0.848320056,INDUCTION-4188-20201116-10_53_39
0.050397999,356339,0.848859269,INDUCTION-4188-20201116-10_53_39
0.050798099,356502,0.849395194,INDUCTION-4188-20201116-10_53_39
0.051198099,356675,0.849963998,INDUCTION-4188-20201116-10_53_39
0.051598199,356849,0.850536089,INDUCTION-4188-20201116-10_53_39
0.051997999,357018,0.851091742,INDUCTION-4188-20201116-10_53_39
0.052398099,357198,0.851683561,INDUCTION-4188-20201116-10_53_39
0.052798199,357377,0.852272092,INDUCTION-4188-20201116-10_53_39
0.053198199,357556,0.852860623,INDUCTION-4188-20201116-10_53_39
0.053597999,357744,0.853478745,INDUCTION-4188-20201116-10_53_39
0.053998099,357941,0.854126459,INDUCTION-4188-20201116-10_53_39
0.054398199,358126,0.854734717,INDUCTION-4188-20201116-10_53_39
0.054797999,358325,0.855389006,INDUCTION-4188-20201116-10_53_39
0.055198099,358511,0.856000552,INDUCTION-4188-20201116-10_53_39
0.055598099,358716,0.856674569,INDUCTION-4188-20201116-10_53_39
0.055998199,358908,0.857305842,INDUCTION-4188-20201116-10_53_39
0.056397999,359112,0.857976571,INDUCTION-4188-20201116-10_53_39
0.056798099,359323,0.858670314,INDUCTION-4188-20201116-10_53_39
0.057198199,359525,0.859334467,INDUCTION-4188-20201116-10_53_39
0.057597999,359746,0.860061089,INDUCTION-4188-20201116-10_53_39
0.057998099,359956,0.860751544,INDUCTION-4188-20201116-10_53_39
0.058398099,360184,0.861501182,INDUCTION-4188-20201116-10_53_39
0.058798199,360393,0.86218835,INDUCTION-4188-20201116-10_53_39
0.059197999,360617,0.862924836,INDUCTION-4188-20201116-10_53_39
0.059598099,360840,0.863658034,INDUCTION-4188-20201116-10_53_39
0.059998199,361060,0.864381368,INDUCTION-4188-20201116-10_53_39
0.060398199,361305,0.8651869,INDUCTION-4188-20201116-10_53_39
0.060797999,361528,0.865920098,INDUCTION-4188-20201116-10_53_39
0.061198099,361766,0.866702614,INDUCTION-4188-20201116-10_53_39
0.061598199,362009,0.86750157,INDUCTION-4188-20201116-10_53_39
0.061997999,362252,0.868300526,INDUCTION-4188-20201116-10_53_39
0.062398099,362497,0.869106057,INDUCTION-4188-20201116-10_53_39
0.062798099,362731,0.869875422,INDUCTION-4188-20201116-10_53_39
0.063198199,362973,0.87067109,INDUCTION-4188-20201116-10_53_39
0.063597999,363225,0.871499637,INDUCTION-4188-20201116-10_53_39
0.063998099,363482,0.872344623,INDUCTION-4188-20201116-10_53_39
0.064398199,363728,0.873153442,INDUCTION-4188-20201116-10_53_39
0.064797999,363987,0.874005004,INDUCTION-4188-20201116-10_53_39
0.065198099,364248,0.874863142,INDUCTION-4188-20201116-10_53_39
0.065598099,364510,0.875724567,INDUCTION-4188-20201116-10_53_39
0.065998199,364768,0.876572841,INDUCTION-4188-20201116-10_53_39
0.066397999,365045,0.877483585,INDUCTION-4188-20201116-10_53_39
0.066798099,365296,0.878308844,INDUCTION-4188-20201116-10_53_39
0.067198199,365571,0.879213012,INDUCTION-4188-20201116-10_53_39
0.067598199,365832,0.88007115,INDUCTION-4188-20201116-10_53_39
0.067998099,366111,0.880988469,INDUCTION-4188-20201116-10_53_39
0.068398099,366379,0.881869622,INDUCTION-4188-20201116-10_53_39
0.068798199,366658,0.882786942,INDUCTION-4188-20201116-10_53_39
0.069197999,366933,0.88369111,INDUCTION-4188-20201116-10_53_39
0.069598099,367207,0.88459199,INDUCTION-4188-20201116-10_53_39
0.069998099,367491,0.885525749,INDUCTION-4188-20201116-10_53_39
0.070398199,367778,0.886469372,INDUCTION-4188-20201116-10_53_39
0.070797999,368053,0.88737354,INDUCTION-4188-20201116-10_53_39
0.071198099,368337,0.888307299,INDUCTION-4188-20201116-10_53_39
0.071598199,368609,0.889201603,INDUCTION-4188-20201116-10_53_39
0.071997999,368904,0.890171529,INDUCTION-4188-20201116-10_53_39
0.072398099,369191,0.891115152,INDUCTION-4188-20201116-10_53_39
0.072798099,369465,0.892016032,INDUCTION-4188-20201116-10_53_39
0.073198199,369762,0.892992533,INDUCTION-4188-20201116-10_53_39
0.073597999,370051,0.893942732,INDUCTION-4188-20201116-10_53_39
0.073998099,370339,0.894889642,INDUCTION-4188-20201116-10_53_39
0.074398199,370631,0.895849704,INDUCTION-4188-20201116-10_53_39
0.074798199,370928,0.896826206,INDUCTION-4188-20201116-10_53_39
0.075198099,371210,0.897753389,INDUCTION-4188-20201116-10_53_39
0.075598099,371495,0.898690436,INDUCTION-4188-20201116-10_53_39
0.075998199,371793,0.899670225,INDUCTION-4188-20201116-10_53_39
0.076397999,372093,0.90065659,INDUCTION-4188-20201116-10_53_39
0.076798099,372386,0.90161994,INDUCTION-4188-20201116-10_53_39
0.077198099,372674,0.902566851,INDUCTION-4188-20201116-10_53_39
0.077598199,372971,0.903543352,INDUCTION-4188-20201116-10_53_39
0.077997999,373263,0.904503414,INDUCTION-4188-20201116-10_53_39
0.078398099,373559,0.905476628,INDUCTION-4188-20201116-10_53_39
0.078798199,373847,0.906423539,INDUCTION-4188-20201116-10_53_39
0.079197999,374138,0.907380313,INDUCTION-4188-20201116-10_53_39
0.079598099,374435,0.908356814,INDUCTION-4188-20201116-10_53_39
0.079998099,374726,0.909313588,INDUCTION-4188-20201116-10_53_39
0.080398199,375014,0.910260499,INDUCTION-4188-20201116-10_53_39
0.080797999,375305,0.911217273,INDUCTION-4188-20201116-10_53_39
0.081198099,375588,0.912147744,INDUCTION-4188-20201116-10_53_39
0.081598199,375887,0.913130822,INDUCTION-4188-20201116-10_53_39
0.081998199,376174,0.914074444,INDUCTION-4188-20201116-10_53_39
0.082398099,376463,0.915024643,INDUCTION-4188-20201116-10_53_39
0.082798099,376752,0.915974841,INDUCTION-4188-20201116-10_53_39
0.083198199,377048,0.916948055,INDUCTION-4188-20201116-10_53_39
0.083597999,377325,0.917858799,INDUCTION-4188-20201116-10_53_39
0.083998099,377613,0.918805709,INDUCTION-4188-20201116-10_53_39
0.084398199,377900,0.919749332,INDUCTION-4188-20201116-10_53_39
0.084798199,378184,0.920683091,INDUCTION-4188-20201116-10_53_39
0.085197999,378475,0.921639865,INDUCTION-4188-20201116-10_53_39
0.085598099,378746,0.922530881,INDUCTION-4188-20201116-10_53_39
0.085998199,379026,0.923451489,INDUCTION-4188-20201116-10_53_39
0.086397999,379307,0.924375384,INDUCTION-4188-20201116-10_53_39
0.086798099,379595,0.925322295,INDUCTION-4188-20201116-10_53_39
0.087198099,379870,0.926226463,INDUCTION-4188-20201116-10_53_39
0.087598199,380143,0.927124055,INDUCTION-4188-20201116-10_53_39
0.087997999,380424,0.92804795,INDUCTION-4188-20201116-10_53_39
0.088398099,380685,0.928906088,INDUCTION-4188-20201116-10_53_39
0.088798199,380965,0.929826696,INDUCTION-4188-20201116-10_53_39
0.089197999,381238,0.930724288,INDUCTION-4188-20201116-10_53_39
0.089598099,381499,0.931582426,INDUCTION-4188-20201116-10_53_39
0.089998099,381769,0.932470154,INDUCTION-4188-20201116-10_53_39
0.090398199,382052,0.933400625,INDUCTION-4188-20201116-10_53_39
0.090797999,382310,0.934248899,INDUCTION-4188-20201116-10_53_39
0.091198099,382573,0.935113613,INDUCTION-4188-20201116-10_53_39
0.091598199,382837,0.935981614,INDUCTION-4188-20201116-10_53_39
0.091998199,383092,0.936820025,INDUCTION-4188-20201116-10_53_39
0.092397999,383349,0.937665011,INDUCTION-4188-20201116-10_53_39
0.092798099,383604,0.938503421,INDUCTION-4188-20201116-10_53_39
0.093198199,383864,0.939358271,INDUCTION-4188-20201116-10_53_39
0.093597999,384118,0.940193393,INDUCTION-4188-20201116-10_53_39
0.093998099,384366,0.941008789,INDUCTION-4188-20201116-10_53_39
0.094398099,384616,0.941830759,INDUCTION-4188-20201116-10_53_39
0.094798199,384872,0.942672458,INDUCTION-4188-20201116-10_53_39
0.095197999,385125,0.943504292,INDUCTION-4188-20201116-10_53_39
0.095598099,385358,0.944270369,INDUCTION-4188-20201116-10_53_39
0.095998199,385606,0.945085764,INDUCTION-4188-20201116-10_53_39
0.096397999,385836,0.945841978,INDUCTION-4188-20201116-10_53_39
0.096798099,386079,0.946640933,INDUCTION-4188-20201116-10_53_39
0.097198099,386317,0.94742345,INDUCTION-4188-20201116-10_53_39
0.097598199,386547,0.948179663,INDUCTION-4188-20201116-10_53_39
0.097997999,386784,0.948958892,INDUCTION-4188-20201116-10_53_39
0.098398099,387020,0.949734832,INDUCTION-4188-20201116-10_53_39
0.098798199,387240,0.950458167,INDUCTION-4188-20201116-10_53_39
0.099198199,387471,0.951217668,INDUCTION-4188-20201116-10_53_39
0.099598099,387707,0.951993608,INDUCTION-4188-20201116-10_53_39
0.099997999,387921,0.952697215,INDUCTION-4188-20201116-10_53_39
0.103997999,389096,0.956560479,INDUCTION-4188-20201116-10_53_39
0.107997999,391091,0.963119807,INDUCTION-4188-20201116-10_53_39
0.111997999,392878,0.968995256,INDUCTION-4188-20201116-10_53_39
0.115997999,394463,0.974206551,INDUCTION-4188-20201116-10_53_39
0.119997999,395850,0.978766846,INDUCTION-4188-20201116-10_53_39
0.123997999,397063,0.982755049,INDUCTION-4188-20201116-10_53_39
0.127997999,398106,0.986184312,INDUCTION-4188-20201116-10_53_39
0.131997999,398994,0.989103953,INDUCTION-4188-20201116-10_53_39
0.135997999,399743,0.991566578,INDUCTION-4188-20201116-10_53_39
0.139997999,400373,0.993637945,INDUCTION-4188-20201116-10_53_39
0.143997999,400889,0.995334493,INDUCTION-4188-20201116-10_53_39
0.147997999,401306,0.99670554,INDUCTION-4188-20201116-10_53_39
0.151997999,401639,0.997800406,INDUCTION-4188-20201116-10_53_39
0.155997999,401889,0.998622377,INDUCTION-4188-20201116-10_53_39
0.159997999,402073,0.999227347,INDUCTION-4188-20201116-10_53_39
0.163997999,402202,0.999651484,INDUCTION-4188-20201116-10_53_39
0.167997999,402275,0.9998915,INDUCTION-4188-20201116-10_53_39
0.171997999,402308,1,INDUCTION-4188-20201116-10_53_39
0.175997999,402306,0.999993424,INDUCTION-4188-20201116-10_53_39
0.179997999,402263,0.999852045,INDUCTION-4188-20201116-10_53_39
0.183997999,402202,0.999651484,INDUCTION-4188-20201116-10_53_39
0.187997999,402112,0.999355575,INDUCTION-4188-20201116-10_53_39
0.191997999,402004,0.999000483,INDUCTION-4188-20201116-10_53_39
0.195997999,401884,0.998605937,INDUCTION-4188-20201116-10_53_39
0.199997999,401754,0.998178512,INDUCTION-4188-20201116-10_53_39
0.203997999,401617,0.997728072,INDUCTION-4188-20201116-10_53_39
0.207997999,401476,0.997264481,INDUCTION-4188-20201116-10_53_39
0.211997999,401326,0.996771298,INDUCTION-4188-20201116-10_53_39
0.215997999,401178,0.996284691,INDUCTION-4188-20201116-10_53_39
0.219997999,401035,0.995814524,INDUCTION-4188-20201116-10_53_39
0.223997999,400888,0.995331205,INDUCTION-4188-20201116-10_53_39
0.227997999,400747,0.994867613,INDUCTION-4188-20201116-10_53_39
0.231997999,400609,0.994413885,INDUCTION-4188-20201116-10_53_39
0.235997999,400477,0.993979885,INDUCTION-4188-20201116-10_53_39
0.239997999,400348,0.993555748,INDUCTION-4188-20201116-10_53_39
0.243997999,400224,0.99314805,INDUCTION-4188-20201116-10_53_39
0.247997999,400103,0.992750216,INDUCTION-4188-20201116-10_53_39
0.251997999,399992,0.992385261,INDUCTION-4188-20201116-10_53_39
0.255997999,399881,0.992020306,INDUCTION-4188-20201116-10_53_39
0.259997999,399772,0.991661927,INDUCTION-4188-20201116-10_53_39
0.263997999,399675,0.991343002,INDUCTION-4188-20201116-10_53_39
0.267997999,399583,0.991040517,INDUCTION-4188-20201116-10_53_39
0.271997999,399486,0.990721592,INDUCTION-4188-20201116-10_53_39
0.275997999,399404,0.990451985,INDUCTION-4188-20201116-10_53_39
0.279997999,399316,0.990162652,INDUCTION-4188-20201116-10_53_39
0.283997999,399235,0.989896333,INDUCTION-4188-20201116-10_53_39
0.287997999,399161,0.98965303,INDUCTION-4188-20201116-10_53_39
0.291997999,399090,0.98941959,INDUCTION-4188-20201116-10_53_39
0.295997999,399016,0.989176286,INDUCTION-4188-20201116-10_53_39
0.299997999,398952,0.988965862,INDUCTION-4188-20201116-10_53_39
0.303997999,398879,0.988725846,INDUCTION-4188-20201116-10_53_39
0.307997999,398821,0.988535149,INDUCTION-4188-20201116-10_53_39
0.311997999,398761,0.988337876,INDUCTION-4188-20201116-10_53_39
0.315997999,398701,0.988140603,INDUCTION-4188-20201116-10_53_39
0.319997999,398647,0.987963057,INDUCTION-4188-20201116-10_53_39
0.323997999,398593,0.987785512,INDUCTION-4188-20201116-10_53_39
0.327997999,398538,0.987604678,INDUCTION-4188-20201116-10_53_39
0.331997999,398486,0.987433708,INDUCTION-4188-20201116-10_53_39
0.335997999,398433,0.98725945,INDUCTION-4188-20201116-10_53_39
0.339997999,398383,0.987095056,INDUCTION-4188-20201116-10_53_39
0.343997999,398335,0.986937238,INDUCTION-4188-20201116-10_53_39
0.347997999,398287,0.986779419,INDUCTION-4188-20201116-10_53_39
0.351997999,398243,0.986634752,INDUCTION-4188-20201116-10_53_39
0.355997999,398201,0.986496661,INDUCTION-4188-20201116-10_53_39
0.359997999,398157,0.986351994,INDUCTION-4188-20201116-10_53_39
0.363997999,398120,0.986230343,INDUCTION-4188-20201116-10_53_39
0.367997999,398076,0.986085676,INDUCTION-4188-20201116-10_53_39
0.371997999,398038,0.985960736,INDUCTION-4188-20201116-10_53_39
0.375997999,397997,0.985825933,INDUCTION-4188-20201116-10_53_39
0.379997999,397962,0.985710857,INDUCTION-4188-20201116-10_53_39
0.383997999,397924,0.985585917,INDUCTION-4188-20201116-10_53_39
0.387997999,397891,0.985477417,INDUCTION-4188-20201116-10_53_39
0.391997999,397854,0.985355765,INDUCTION-4188-20201116-10_53_39
0.395997999,397812,0.985217674,INDUCTION-4188-20201116-10_53_39
0.399997999,397778,0.985105886,INDUCTION-4188-20201116-10_53_39
0.403997999,397747,0.985003962,INDUCTION-4188-20201116-10_53_39
0.407997999,397714,0.984895462,INDUCTION-4188-20201116-10_53_39
0.411997999,397679,0.984780386,INDUCTION-4188-20201116-10_53_39
0.415997999,397648,0.984678461,INDUCTION-4188-20201116-10_53_39
0.419997999,397612,0.984560098,INDUCTION-4188-20201116-10_53_39
0.423997999,397582,0.984461461,INDUCTION-4188-20201116-10_53_39
0.427997999,397551,0.984359537,INDUCTION-4188-20201116-10_53_39
0.431997999,397520,0.984257612,INDUCTION-4188-20201116-10_53_39
0.435997999,397488,0.9841524,INDUCTION-4188-20201116-10_53_39
0.439997999,397459,0.984057051,INDUCTION-4188-20201116-10_53_39
0.443997999,397426,0.983948551,INDUCTION-4188-20201116-10_53_39
0.447997999,397400,0.983863066,INDUCTION-4188-20201116-10_53_39
0.451997999,397371,0.983767718,INDUCTION-4188-20201116-10_53_39
0.455997999,397337,0.98365593,INDUCTION-4188-20201116-10_53_39
0.459997999,397312,0.983573732,INDUCTION-4188-20201116-10_53_39
0.463997999,397280,0.98346852,INDUCTION-4188-20201116-10_53_39
0.467997999,397251,0.983373172,INDUCTION-4188-20201116-10_53_39
0.471997999,397227,0.983294262,INDUCTION-4188-20201116-10_53_39
0.475997999,397199,0.983202202,INDUCTION-4188-20201116-10_53_39
0.479997999,397173,0.983116717,INDUCTION-4188-20201116-10_53_39
0.483997999,397142,0.983014792,INDUCTION-4188-20201116-10_53_39
0.487997999,397121,0.982945747,INDUCTION-4188-20201116-10_53_39
0.491997999,397088,0.982837246,INDUCTION-4188-20201116-10_53_39
0.495997999,397065,0.982761625,INDUCTION-4188-20201116-10_53_39
0.499997999,397040,0.982679428,INDUCTION-4188-20201116-10_53_39
0.503997999,397013,0.982590655,INDUCTION-4188-20201116-10_53_39
0.507997999,396985,0.982498594,INDUCTION-4188-20201116-10_53_39
0.511997999,396962,0.982422973,INDUCTION-4188-20201116-10_53_39
0.515997999,396929,0.982314473,INDUCTION-4188-20201116-10_53_39
0.519997999,396903,0.982228988,INDUCTION-4188-20201116-10_53_39
0.523997999,396876,0.982140215,INDUCTION-4188-20201116-10_53_39
0.527997999,396849,0.982051442,INDUCTION-4188-20201116-10_53_39
0.531997999,396821,0.981959381,INDUCTION-4188-20201116-10_53_39
0.535997999,396794,0.981870609,INDUCTION-4188-20201116-10_53_39
0.539997999,396771,0.981794987,INDUCTION-4188-20201116-10_53_39
0.543997999,396745,0.981709502,INDUCTION-4188-20201116-10_53_39
0.547997999,396724,0.981640457,INDUCTION-4188-20201116-10_53_39
0.551997999,396699,0.98155826,INDUCTION-4188-20201116-10_53_39
0.555997999,396673,0.981472775,INDUCTION-4188-20201116-10_53_39
0.559997999,396645,0.981380714,INDUCTION-4188-20201116-10_53_39
0.563997999,396617,0.981288653,INDUCTION-4188-20201116-10_53_39
0.567997999,396590,0.98119988,INDUCTION-4188-20201116-10_53_39
0.571997999,396562,0.98110782,INDUCTION-4188-20201116-10_53_39
0.575997999,396540,0.981035486,INDUCTION-4188-20201116-10_53_39
0.579997999,396512,0.980943425,INDUCTION-4188-20201116-10_53_39
0.583997999,396487,0.980861228,INDUCTION-4188-20201116-10_53_39
0.587997999,396461,0.980775743,INDUCTION-4188-20201116-10_53_39
0.591997999,396438,0.980700122,INDUCTION-4188-20201116-10_53_39
0.595997999,396413,0.980617925,INDUCTION-4188-20201116-10_53_39
0.599997999,396384,0.980522576,INDUCTION-4188-20201116-10_53_39
0.603997999,396358,0.980437091,INDUCTION-4188-20201116-10_53_39
0.607997999,396328,0.980338455,INDUCTION-4188-20201116-10_53_39
0.611997999,396300,0.980246394,INDUCTION-4188-20201116-10_53_39
0.615997999,396276,0.980167485,INDUCTION-4188-20201116-10_53_39
0.619997999,396254,0.980095151,INDUCTION-4188-20201116-10_53_39
0.623997999,396225,0.979999803,INDUCTION-4188-20201116-10_53_39
0.627997999,396205,0.979934045,INDUCTION-4188-20201116-10_53_39
0.631997999,396175,0.979835409,INDUCTION-4188-20201116-10_53_39
0.635997999,396146,0.97974006,INDUCTION-4188-20201116-10_53_39
0.639997999,396120,0.979654575,INDUCTION-4188-20201116-10_53_39
0.643997999,396091,0.979559226,INDUCTION-4188-20201116-10_53_39
0.647997999,396064,0.979470453,INDUCTION-4188-20201116-10_53_39
0.651997999,396039,0.979388256,INDUCTION-4188-20201116-10_53_39
0.655997999,396012,0.979299483,INDUCTION-4188-20201116-10_53_39
0.659997999,395986,0.979213998,INDUCTION-4188-20201116-10_53_39
0.663997999,395961,0.979131801,INDUCTION-4188-20201116-10_53_39
0.667997999,395934,0.979043029,INDUCTION-4188-20201116-10_53_39
0.671997999,395906,0.978950968,INDUCTION-4188-20201116-10_53_39
0.675997999,395881,0.978868771,INDUCTION-4188-20201116-10_53_39
0.679997999,395853,0.97877671,INDUCTION-4188-20201116-10_53_39
0.683997999,395826,0.978687937,INDUCTION-4188-20201116-10_53_39
0.687997999,395797,0.978592588,INDUCTION-4188-20201116-10_53_39
0.691997999,395774,0.978516967,INDUCTION-4188-20201116-10_53_39
0.695997999,395742,0.978411755,INDUCTION-4188-20201116-10_53_39
0.699997999,395711,0.97830983,INDUCTION-4188-20201116-10_53_39
0.703997999,395682,0.978214482,INDUCTION-4188-20201116-10_53_39
0.707997999,395659,0.97813886,INDUCTION-4188-20201116-10_53_39
0.711997999,395631,0.9780468,INDUCTION-4188-20201116-10_53_39
0.715997999,395606,0.977964603,INDUCTION-4188-20201116-10_53_39
0.719997999,395578,0.977872542,INDUCTION-4188-20201116-10_53_39
0.723997999,395549,0.977777193,INDUCTION-4188-20201116-10_53_39
0.727997999,395520,0.977681845,INDUCTION-4188-20201116-10_53_39
0.731997999,395489,0.97757992,INDUCTION-4188-20201116-10_53_39
0.735997999,395466,0.977504299,INDUCTION-4188-20201116-10_53_39
0.739997999,395433,0.977395799,INDUCTION-4188-20201116-10_53_39
0.743997999,395405,0.977303738,INDUCTION-4188-20201116-10_53_39
0.747997999,395376,0.977208389,INDUCTION-4188-20201116-10_53_39
0.751997999,395346,0.977109753,INDUCTION-4188-20201116-10_53_39
0.755997999,395318,0.977017692,INDUCTION-4188-20201116-10_53_39
0.759997999,395291,0.976928919,INDUCTION-4188-20201116-10_53_39
0.763997999,395260,0.976826995,INDUCTION-4188-20201116-10_53_39
0.767997999,395232,0.976734934,INDUCTION-4188-20201116-10_53_39
0.771997999,395206,0.976649449,INDUCTION-4188-20201116-10_53_39
0.775997999,395173,0.976540949,INDUCTION-4188-20201116-10_53_39
0.779997999,395144,0.9764456,INDUCTION-4188-20201116-10_53_39
0.783997999,395120,0.976366691,INDUCTION-4188-20201116-10_53_39
0.787997999,395087,0.976258191,INDUCTION-4188-20201116-10_53_39
0.791997999,395058,0.976162842,INDUCTION-4188-20201116-10_53_39
0.795997999,395029,0.976067494,INDUCTION-4188-20201116-10_53_39
0.799997999,394999,0.975968857,INDUCTION-4188-20201116-10_53_39
0.803997999,394966,0.975860357,INDUCTION-4188-20201116-10_53_39
0.807997999,394940,0.975774872,INDUCTION-4188-20201116-10_53_39
0.811997999,394914,0.975689387,INDUCTION-4188-20201116-10_53_39
0.815997999,394885,0.975594038,INDUCTION-4188-20201116-10_53_39
0.819997999,394850,0.975478962,INDUCTION-4188-20201116-10_53_39
0.823997999,394820,0.975380326,INDUCTION-4188-20201116-10_53_39
0.827997999,394792,0.975288265,INDUCTION-4188-20201116-10_53_39
0.831997999,394764,0.975196204,INDUCTION-4188-20201116-10_53_39
0.835997999,394730,0.975084416,INDUCTION-4188-20201116-10_53_39
0.839997999,394701,0.974989068,INDUCTION-4188-20201116-10_53_39
0.843997999,394671,0.974890431,INDUCTION-4188-20201116-10_53_39
0.847997999,394638,0.974781931,INDUCTION-4188-20201116-10_53_39
0.851997999,394609,0.974686582,INDUCTION-4188-20201116-10_53_39
0.855997999,394584,0.974604385,INDUCTION-4188-20201116-10_53_39
0.859997999,394553,0.974502461,INDUCTION-4188-20201116-10_53_39
0.863997999,394522,0.974400537,INDUCTION-4188-20201116-10_53_39
0.867997999,394490,0.974295324,INDUCTION-4188-20201116-10_53_39
0.871997999,394457,0.974186824,INDUCTION-4188-20201116-10_53_39
0.875997999,394429,0.974094763,INDUCTION-4188-20201116-10_53_39
0.879997999,394397,0.973989551,INDUCTION-4188-20201116-10_53_39
0.883997999,394366,0.973887627,INDUCTION-4188-20201116-10_53_39
0.887997999,394336,0.97378899,INDUCTION-4188-20201116-10_53_39
0.891997999,394304,0.973683778,INDUCTION-4188-20201116-10_53_39
0.895997999,394279,0.973601581,INDUCTION-4188-20201116-10_53_39
0.899997999,394244,0.973486505,INDUCTION-4188-20201116-10_53_39
0.903997999,394221,0.973410884,INDUCTION-4188-20201116-10_53_39
0.907997999,394185,0.97329252,INDUCTION-4188-20201116-10_53_39
0.911997999,394154,0.973190595,INDUCTION-4188-20201116-10_53_39
0.915997999,394123,0.973088671,INDUCTION-4188-20201116-10_53_39
0.919997999,394094,0.972993322,INDUCTION-4188-20201116-10_53_39
0.923997999,394061,0.972884822,INDUCTION-4188-20201116-10_53_39
0.927997999,394025,0.972766458,INDUCTION-4188-20201116-10_53_39
0.931997999,393998,0.972677685,INDUCTION-4188-20201116-10_53_39
0.935997999,393966,0.972572473,INDUCTION-4188-20201116-10_53_39
0.939997999,393934,0.972467261,INDUCTION-4188-20201116-10_53_39
0.943997999,393900,0.972355473,INDUCTION-4188-20201116-10_53_39
0.947997999,393872,0.972263412,INDUCTION-4188-20201116-10_53_39
0.951997999,393848,0.972184503,INDUCTION-4188-20201116-10_53_39
0.955997999,393810,0.972059563,INDUCTION-4188-20201116-10_53_39
0.959997999,393776,0.971947775,INDUCTION-4188-20201116-10_53_39
0.963997999,393749,0.971859002,INDUCTION-4188-20201116-10_53_39
0.967997999,393716,0.971750502,INDUCTION-4188-20201116-10_53_39
0.971997999,393683,0.971642002,INDUCTION-4188-20201116-10_53_39
0.975997999,393654,0.971546653,INDUCTION-4188-20201116-10_53_39
0.979997999,393621,0.971438153,INDUCTION-4188-20201116-10_53_39
0.983997999,393590,0.971336229,INDUCTION-4188-20201116-10_53_39
0.987997999,393558,0.971231017,INDUCTION-4188-20201116-10_53_39
0.991997999,393530,0.971138956,INDUCTION-4188-20201116-10_53_39
0.995997999,393496,0.971027168,INDUCTION-4188-20201116-10_53_39
1.000001999,393461,0.970912092,INDUCTION-4188-20201116-10_53_39
